Date,Time,Steps,Distance,Energy,Speed
2020-01-01,03:41:43,0.0,0.0,4.180136918584912,1.5084653582769765
2020-01-01,07:31:32,23.0,0.01438,469.7305896910091,1.2493904212291618
2020-01-01,09:34:14,42.0,0.02096,828.9347174796968,1.414831157845946
2020-01-01,11:00:16,403.0,0.20513,8063.87903636092,4.89732473593657
2020-01-01,11:04:29,409.0,0.20639,8180.342686157075,4.400133233355093
2020-01-01,11:12:01,102.0,0.05472,2033.640753777398,1.524044676876843
2020-01-01,11:14:32,13.0,0.00481,256.4877299582825,1.831751951512045
2020-01-01,11:26:40,238.0,0.10705,4757.140565169702,3.372102030093717
2020-01-01,11:27:11,176.0,0.10454,3515.2483734335824,1.7020773409481018
2020-01-01,11:32:38,2.0,0.0,39.034497739651066,4.00558732366412
2020-01-01,11:32:40,2.0,0.0,39.23420478609324,2.1564955056490307
2020-01-01,11:39:08,505.0,0.26374,10106.766753264727,2.0994627029749378
2020-01-01,11:39:14,463.0,0.26943,9254.594294925173,1.9639269464506253
2020-01-01,11:46:52,1.0,0.0,25.91967654393021,3.310690869012731
2020-01-01,11:46:54,1.0,0.0,19.384881571767334,4.216668971348179
2020-01-01,11:51:34,119.0,0.06032,2386.3170965684194,4.604422806051122
2020-01-01,11:51:37,120.0,0.06398,2395.124365693849,3.2113275401607777
2020-01-01,12:07:15,11.0,0.00561,226.20660441716163,0.8136062596734532
2020-01-01,14:34:25,181.0,0.10109,3615.8735975212085,4.703238098310423
2020-01-01,14:35:52,165.0,0.07874,3289.7954877232955,4.45181376256043
2020-01-01,14:47:55,10.0,0.0037,192.8475641289109,2.7479308193422325
2020-01-01,16:29:20,769.0,0.49826,15373.00513904914,2.2882772757483614
2020-01-01,16:29:22,749.0,0.43746,14983.873693943502,1.2515094070431072
2020-01-01,16:39:20,298.0,0.18077,5953.136956441671,1.379727402711633
2020-01-01,16:39:21,218.0,0.12113,4367.628334258929,2.75689368156249
2020-01-01,16:49:59,85.0,0.05283,1698.9976082259511,1.6496519607758544
2020-01-01,16:51:32,39.0,0.01926,772.9046014843399,3.154673655044707
2020-01-01,16:57:36,68.0,0.04052,1359.3490331387422,1.44300652255357
2020-01-01,17:06:07,277.0,0.15844,5544.433586255859,4.686778880730953
2020-01-01,17:10:23,113.0,0.06797,2256.1975052946636,3.9917137990747285
2020-01-01,17:13:17,329.0,0.0,6571.252660413015,4.8752733824853935
2020-01-01,17:13:20,0.0,0.19185,1.4528627021685954,2.0816163274143498
2020-01-01,17:17:16,112.0,0.06752,2247.7943085070174,1.0173624965368937
2020-01-01,17:26:24,621.0,0.29962,12414.783913384827,3.8412172388306947
2020-01-01,17:29:20,591.0,0.27865,11816.975841947491,3.127629706652282
2020-01-01,18:05:15,9.0,0.00594,190.02185965984268,0.8976831966102574
2020-01-01,18:52:36,281.0,0.14837,5625.840349125732,4.532255222531567
2020-01-01,18:53:17,299.0,0.17773,5974.739296424131,4.729846906675856
2020-01-01,18:54:34,4.0,0.0,83.55432831718284,2.183081248058455
2020-01-01,19:02:37,43.0,0.02141,858.0425346616639,4.645715056081572
2020-01-01,19:21:29,250.0,0.15298,4998.984786832301,1.2842709179845495
2020-01-01,19:25:18,99.0,0.06626,1989.151461260157,2.4907625581434356
2020-01-01,20:42:28,293.0,0.14609,5857.38092121528,1.8100050513758776
2020-01-01,20:42:29,358.0,0.22442,7161.606958836807,4.087657687969211
2020-01-01,21:54:43,0.0,0.0,4.511522796146475,0.9008071246307177
2020-01-02,06:26:59,8.0,0.00504,161.27948641365188,1.5564404827625555
2020-01-02,10:05:54,305.0,0.15757,6097.663034768148,2.221576209321454
2020-01-02,10:05:57,309.0,0.14753,6185.463802631237,2.6398766712657347
2020-01-02,10:17:37,11.0,0.00393,220.2583675524533,4.5583112920262
2020-01-02,10:32:13,219.0,0.15137,4379.12008708539,2.6217392209979975
2020-01-02,10:32:21,247.0,0.14999,4937.797845627456,1.8260053043059548
2020-01-02,10:39:39,2.0,0.0,36.65146457449266,2.428049061054499
2020-01-02,10:39:45,2.0,0.0,36.13446456872539,4.59342505296183
2020-01-02,10:40:52,231.0,0.0,4616.7546892918635,4.162689796572234
2020-01-02,10:43:12,211.0,0.12334,4226.516317543312,1.8082525824249545
2020-01-02,10:43:52,0.0,0.11847,1.9536568274539863,1.6261329801662172
2020-01-02,11:08:18,215.0,0.13652,4303.303325491684,3.233572915848488
2020-01-02,11:08:58,196.0,0.10783,3932.9544427654537,2.665524945647058
2020-01-02,11:16:26,152.0,0.08783,3042.1675260413767,0.5354138190439117
2020-01-02,11:18:32,174.0,0.08947,3478.149149677656,1.2868796595315237
2020-01-02,11:26:59,360.0,0.21178,7200.444246812955,3.039684971910522
2020-01-02,11:28:40,260.0,0.1343,5197.119475607593,1.954113828663715
2020-01-02,11:37:58,19.0,0.01255,376.51382121315,4.401366454086176
2020-01-02,13:49:05,5.0,0.00288,105.83088251758109,4.885169655777716
2020-01-02,14:25:04,433.0,0.24854,8652.811943297162,3.838797006513645
2020-01-02,14:25:05,327.0,0.20227,6538.35819443862,1.4039737002842259
2020-01-02,14:35:06,567.0,0.34281,11337.149378323931,3.370202237150294
2020-01-02,14:35:09,410.0,0.25083,8191.899198910481,3.0929417859479345
2020-01-02,14:47:22,103.0,0.05778,2058.7239533427705,4.39695229520684
2020-01-02,14:47:23,73.0,0.04247,1456.2142677004463,0.6111850303626813
2020-01-02,16:16:46,272.0,0.16988,5438.346236961744,3.8252898842776517
2020-01-02,16:17:30,272.0,0.13419,5437.351983520481,4.529013774537016
2020-01-02,16:33:38,248.0,0.14289,4960.709637525838,4.849936050574183
2020-01-02,16:34:47,251.0,0.12276,5026.1361594679065,2.7373228455025194
2020-01-02,16:44:23,44.0,0.02991,882.4237587039531,2.421820983429774
2020-01-02,16:44:46,11.0,0.00716,217.6892695701387,3.6771788741220814
2020-01-02,17:21:29,551.0,0.33862,11014.080867782652,4.731272850142998
2020-01-02,17:21:58,164.0,0.08278,3288.6400575564144,3.907776634175421
2020-01-02,17:25:43,0.0,0.5173,11.926901696805439,3.7969282177946115
2020-01-02,17:25:54,796.0,0.0,15916.30319124973,4.199489685626769
2020-01-02,17:31:41,518.0,0.28649,10359.518904430674,4.2194856621631684
2020-01-02,17:35:48,0.0,0.17975,0.6108055886190763,2.6880678320722553
2020-01-02,17:35:53,250.0,0.0,4996.463183159725,3.2873376182452825
2020-01-02,17:44:11,146.0,0.08825,2925.9721025135627,2.43948712040227
2020-01-02,17:46:00,172.0,0.10986,3436.7562389438276,2.247664448662921
2020-01-02,17:52:53,478.0,0.24421,9558.796164480646,1.3292068143686275
2020-01-02,17:56:08,630.0,0.33125,12597.482058915411,1.8755646085863802
2020-01-02,18:02:52,290.0,0.156,5802.702336959151,3.0711360041995275
2020-01-02,18:08:03,101.0,0.06132,2016.616647832752,3.9467719113480113
2020-01-02,18:13:10,36.0,0.02282,714.723999528526,1.4412748316778403
2020-01-02,18:15:33,13.0,0.0,252.80661877742438,1.9320444693848584
2020-01-02,18:38:29,316.0,0.18565,6314.906558441289,2.7784964681201165
2020-01-02,18:39:08,307.0,0.16924,6138.734605470906,4.839206104650601
2020-01-02,18:56:36,230.0,0.1446899999999999,4604.113883920568,3.0386974669700684
2020-01-02,19:04:40,29.0,0.01868,574.8726779107825,1.873068087231769
2020-01-02,19:09:45,17.0,0.00683,338.5855758308627,1.0771427800854054
2020-01-02,19:27:06,109.0,0.05025,2184.0713174445386,3.4143536391338025
2020-01-02,19:27:07,405.0,0.24019,8100.353337824095,0.7927594392414334
2020-01-02,19:28:15,324.0,0.18768,6477.393927969777,2.7522731166122396
2020-01-02,19:38:43,224.0,0.13403,4478.925015485522,4.7442393746668285
2020-01-02,19:40:42,264.0,0.16068,5278.994415692686,1.5748695784598365
2020-01-02,20:24:35,9.0,0.00558,175.90033475881646,0.762631050844888
2020-01-02,21:52:11,132.0,0.08099,2644.928779598965,4.8433578884675255
2020-01-03,00:26:30,0.0,0.0,2.536547239414546,4.632118930785561
2020-01-03,04:03:55,26.0,0.01397,521.724111216388,4.227827962458111
2020-01-03,04:33:41,6.0,0.00216,125.27269262335275,1.6601705763849015
2020-01-03,05:26:39,11.0,0.00693,213.38624332276055,3.401819223377749
2020-01-03,09:39:52,12.0,0.00744,247.7533275301152,1.1040185782180265
2020-01-03,09:39:53,20.0,0.0124,396.76083681518287,2.608444267054438
2020-01-03,10:31:10,435.0,0.26371,8702.241909482595,0.6950474929931337
2020-01-03,10:31:11,395.0,0.19467,7908.527255793904,3.888681762548497
2020-01-03,10:44:30,9.0,0.01206,183.2904633904552,1.3336979591999851
2020-01-03,10:50:10,166.0,0.0,3320.945014912062,2.5407155402965884
2020-01-03,10:58:18,0.0,0.10291,6.493246258266227,3.824977338191434
2020-01-03,10:58:38,176.0,0.10034,3523.624748674464,1.1478032460179821
2020-01-03,11:00:00,1.0,0.0,16.08280087209847,1.7773945502938273
2020-01-03,11:00:01,1.0,0.0,23.642709804181955,4.5503109023018
2020-01-03,11:00:09,17.0,0.0,334.3760682108935,4.171272135175629
2020-01-03,11:11:31,306.0,0.15307,6109.80374188422,2.7106917157143195
2020-01-03,11:13:10,386.0,0.21807,7723.562255271114,3.250669695190771
2020-01-03,11:14:58,1.0,0.0,28.044612079128314,1.6564778243036478
2020-01-03,11:14:59,1.0,0.0,25.496467216745657,3.753664829880281
2020-01-03,11:21:31,170.0,0.07957,3401.1707372285014,1.7502904384058287
2020-01-03,13:23:08,10.0,0.0033,200.89901771914853,1.9386152021094243
2020-01-03,13:56:14,191.0,0.10644,3814.3250121505384,2.0440478049995776
2020-01-03,13:56:32,188.0,0.08547,3765.7037878641127,4.20951139899242
2020-01-03,14:12:23,19.0,0.00959,373.527752099824,1.6325086131060007
2020-01-03,14:18:52,30.0,0.011,599.007439217612,3.750435672606357
2020-01-03,14:23:22,12.0,0.00448,241.4610083003408,1.5830479275589338
2020-01-03,14:50:38,253.0,0.13834,5067.033470008855,1.2073746316363834
2020-01-03,14:51:13,263.0,0.15594,5264.236596897823,4.802181487686618
2020-01-03,17:01:44,12.0,0.00494,241.95964234782463,1.115946786224045
2020-01-03,17:17:32,4.0,0.0024,67.36858565712234,4.404070874330769
2020-01-03,18:18:57,43.0,0.02669,866.7740193074164,2.296221549942141
2020-01-03,20:52:48,159.0,0.09601,3180.2229795854855,2.0911983935173937
2020-01-03,21:05:26,199.0,0.09683,3984.9329045383024,4.349244351573922
2020-01-03,21:05:42,2.0,0.0,46.94694766902428,3.7835173971486746
2020-01-03,22:57:40,0.0,0.0,2.967538350418075,4.9900964097959735
2020-01-04,00:00:51,0.0,0.0,2.6207088959575615,2.605589001048093
2020-01-04,04:03:13,14.0,0.0086,272.69663393545386,1.562445280591358
2020-01-04,11:59:12,4.0,0.00116,79.07305127696534,3.1402253224267316
2020-01-04,13:17:51,22.0,0.00963,446.35723818552526,2.0392305728599176
2020-01-05,00:09:59,0.0,0.0,10.192344318690346,3.2507992422084664
2020-01-05,06:47:53,11.0,0.00704,220.03274178071888,3.624384534930545
2020-01-05,15:47:10,22.0,0.01353,438.16037124669367,0.5110347424670004
2020-01-06,00:36:41,8.0,0.00504,160.8704210888044,4.932421801388225
2020-01-06,01:18:05,0.0,0.0,0.5891908597252624,2.3426528692836532
2020-01-06,04:04:49,14.0,0.00856,286.7120487181817,3.1352976010551643
2020-01-06,04:05:18,2.0,0.0,35.07315719667674,1.1151285108583016
2020-01-06,04:19:18,0.0,0.0,2.1206178841026535,1.504069052018242
2020-01-06,07:14:44,38.0,0.02284,760.1374632320553,0.6463239150945683
2020-01-06,08:30:24,526.0,0.2953,10513.88344883266,1.2748611653208197
2020-01-06,08:30:32,510.0,0.3108,10202.769724265168,1.3638460850977039
2020-01-06,08:40:25,560.0,0.31499,11202.160975450715,2.2269219104450713
2020-01-06,08:40:32,548.0,0.35111,10960.590432880561,3.2736736508816398
2020-01-06,08:50:52,21.0,0.00791,409.63888172250716,3.0654907617953353
2020-01-06,08:50:53,13.0,0.0048,260.9512180788608,1.9526774596283538
2020-01-06,09:09:53,179.0,0.11574,3578.78299328409,3.8264545258740545
2020-01-06,09:09:55,209.0,0.13099,4170.164776008537,0.884806007996792
2020-01-06,09:11:35,2.0,0.0,39.7927148571578,3.372827711225957
2020-01-06,09:11:38,2.0,0.0,32.32971923424807,1.479379629074935
2020-01-06,10:56:29,108.0,0.07493,2157.524113596638,2.6697797645960963
2020-01-06,10:59:39,92.0,0.06509,1841.1081658653095,1.8912484230799647
2020-01-06,11:10:24,177.0,0.11731,3550.148485313124,3.6282971291744097
2020-01-06,11:10:37,2.0,0.1114,44.27081575826142,4.621283815522046
2020-01-06,11:11:08,170.0,0.0,3409.6444974437177,1.6288686882924732
2020-01-06,11:11:33,2.0,0.0,41.580439218804145,2.560079221442926
2020-01-06,11:11:36,1.0,0.0,20.503637690688027,1.3571206448542992
2020-01-06,11:47:46,479.0,0.27323,9576.129045388037,3.7355054488129835
2020-01-06,11:47:48,493.0,0.28825,9864.226889030679,1.983582283497701
2020-01-06,11:57:56,154.0,0.0894091,3079.9195146280567,3.178556954161189
2020-01-06,11:58:00,17.0,0.008,345.4489828902416,1.6883429387411362
2020-01-06,11:58:05,148.0,0.091,2956.5229985565848,4.3445598127451035
2020-01-06,12:09:28,19.0,0.06622,381.2292346570402,1.882446019219154
2020-01-06,12:10:40,130.0,0.0,2594.253511818085,1.664594874966741
2020-01-06,12:20:14,0.0,0.09137,6.195394878966628,2.5217856459613204
2020-01-06,12:20:39,168.0,0.0,3364.2238040085726,0.5472255754003914
2020-01-06,12:26:40,236.0,0.13931,4721.735655132829,4.384056936911394
2020-01-06,12:30:13,0.0,0.07059,4.662709931176996,4.651448357273728
2020-01-06,12:32:32,231.0,0.0,4613.657543822623,4.105559427290477
2020-01-06,12:36:34,189.0,0.10427,3786.225014254914,1.3337896579978556
2020-01-06,12:41:14,0.0,0.07814,3.6797426446412516,2.671971512907492
2020-01-06,12:50:25,277.0,0.18829,5545.137612479313,2.486830668926806
2020-01-06,12:57:05,738.0,0.48206,14762.607768363148,2.3140218174082747
2020-01-06,13:00:25,477.0,0.32044,9536.514502722728,4.766783331318401
2020-01-06,13:08:47,18.0,0.01059,353.82030669577404,1.2145711007609035
2020-01-06,13:30:19,149.0,0.0855,2981.427276076072,4.898903071430008
2020-01-06,13:30:21,218.0,0.13613,4354.369494616136,3.089163706988549
2020-01-06,13:40:33,196.0,0.11283,3921.3940247964174,4.163915058289913
2020-01-06,13:40:34,217.0,0.13568,4332.705311676693,3.5455573679501553
2020-01-06,13:52:19,24.0,0.0127,478.64190804897515,2.345375862911443
2020-01-06,13:52:24,36.0,0.02063,719.3439411766224,4.256202937422088
2020-01-06,14:12:46,133.0,0.07571,2666.8291049749087,3.9143662167770366
2020-01-06,14:13:05,361.0,0.25636,7223.180980338217,0.9939904134723057
2020-01-06,14:14:13,425.0,0.26101,8496.408180156322,1.2755258302439523
2020-01-06,14:20:02,285.0,0.0,5707.430256790164,3.738543607751283
2020-01-06,14:28:11,541.0,0.32367,10828.783982729023,3.015457018834397
2020-01-06,14:28:21,0.0,0.29441,0.38506174121382736,4.701009387594372
2020-01-06,14:30:01,377.0,0.0,7539.442219235124,1.2384188078812968
2020-01-06,14:54:45,157.0,0.0958,3142.7948153635957,1.5996865475272564
2020-01-06,14:58:31,131.0,0.07147,2625.1906390740683,2.736648811660846
2020-01-06,15:16:06,14.0,0.2615,271.84513135613406,4.272845231604685
2020-01-06,15:21:04,549.0,0.25519,10981.719772529843,3.4090426791734663
2020-01-06,15:21:07,537.0,0.0,10741.717570722603,4.4401518308674035
2020-01-06,15:28:27,214.0,0.13857,4284.811129463996,1.5056344981112533
2020-01-06,15:30:55,0.0,0.17197,0.7769594374764145,4.485554851434598
2020-01-06,15:36:00,474.0,0.0,9480.552910552437,0.8769539100099353
2020-01-06,15:38:27,333.0,0.21684,6658.834706025512,3.3065336649598533
2020-01-06,15:40:55,0.0,0.19758,4.9766640485469305,4.802397423821023
2020-01-06,15:46:16,518.0,0.17085,10369.514731289051,3.912173615646223
2020-01-06,15:52:47,0.0,0.0115,0.12811369595411579,0.5196198246088101
2020-01-06,15:56:33,8.0,0.0,162.20815378942885,4.173076391573313
2020-01-06,16:18:53,262.0,0.1254,5239.408638908263,3.7795032677692277
2020-01-06,16:18:59,279.0,0.16823,5573.5158051155295,1.237162351125501
2020-01-06,16:33:19,8.0,0.00488,160.33172697340424,1.0240289915498624
2020-01-06,17:17:46,116.0,0.07109,2314.9848090355968,1.82149170513886
2020-01-06,17:17:51,254.0,0.13855,5080.054047420725,1.4402922727923557
2020-01-06,17:19:00,167.0,0.10272,3344.237524127576,3.104193129702867
2020-01-06,17:47:23,8.0,0.00304,154.92888848858067,0.6932768881078357
2020-01-06,17:59:03,63.0,0.03699,1252.4629157267061,3.327371911488017
2020-01-06,17:59:07,40.0,0.01854,788.7946847244507,3.6392586234807403
2020-01-06,18:06:41,236.0,0.11449,4720.717864515634,3.6559160800126356
2020-01-06,18:09:03,156.0,0.09855,3117.824127843193,4.846801051045954
2020-01-06,18:29:32,22.0,0.01228,447.26903511211333,1.205065328752315
2020-01-06,20:58:20,13.0,0.00793,258.1397514065332,1.1455417412695605
2020-01-06,22:48:40,29.0,0.0181,585.9328159255067,4.779884349609668
2020-01-06,22:50:00,0.0,0.0,3.302941476255224,2.3825772662467877
2020-01-07,00:00:00,0.0,0.0,2.8631302632648756,3.740213568934468
2020-01-07,07:25:11,17.0,0.01025,341.3516532406365,0.8470671729947906
2020-01-07,10:23:21,8.0,0.00352,152.79000366069872,3.9631257861229328
2020-01-07,10:25:39,29.0,0.01332,580.2327769219988,4.443696219677241
2020-01-07,10:54:39,115.0,0.07022,2306.182859066505,1.3552661498065675
2020-01-07,10:56:59,470.0,0.24682,9411.79813925017,4.8636074503254125
2020-01-07,11:00:41,346.0,0.191294,6925.087842659412,3.8875540296960565
2020-01-07,11:08:18,27.0,0.00977,539.9737748366326,1.7424208915954145
2020-01-07,11:11:19,4.0,0.00148,83.1225898028393,4.5381107898836754
2020-01-07,11:24:57,405.0,0.2444,8106.811683270357,1.8099487376567778
2020-01-07,11:24:58,407.0,0.23416,8139.373851085415,4.2823259790567505
2020-01-07,11:33:37,7.0,0.0,136.41950580033424,1.2514513330239165
2020-01-07,11:57:53,364.0,0.18186,7283.002991250592,3.879831338432977
2020-01-07,11:58:14,340.0,0.199,6806.138499514915,0.9299336170344623
2020-01-07,12:01:34,2.0,0.0,37.34598410107394,2.9208403950828026
2020-01-07,12:34:46,258.0,0.16059,5160.627712561373,2.455742600110675
2020-01-07,12:34:53,307.0,0.16971,6141.996737431038,4.7874047738404
2020-01-07,12:45:21,52.0,0.03063,1045.6376666172707,1.5268849685832766
2020-01-07,12:45:29,73.0,0.04131,1470.7747994832068,1.8897351560534703
2020-01-07,13:02:36,95.0,0.05357,1896.2971586365961,4.775718804314443
2020-01-07,13:02:39,73.0,0.04677,1457.420418405862,3.957261714684005
2020-01-07,13:22:16,42.0,0.01876,835.8593528432925,2.5465012315393536
2020-01-07,13:22:30,72.0,0.04647,1440.2269177538117,1.6698662326280693
2020-01-07,13:35:57,148.0,0.07226,2966.954584565447,3.83719286468535
2020-01-07,13:35:58,161.0,0.08122,3221.889245014493,3.9420346026243926
2020-01-07,13:44:15,27.0,0.0,544.6674524238384,2.784512043131275
2020-01-07,13:45:50,0.0,0.01044,3.050610532894664,1.019753886424312
2020-01-07,13:47:35,38.0,0.0273,764.4836028435939,2.355249196933075
2020-01-07,13:57:52,164.0,0.06874,3275.714697050328,4.589568549829783
2020-01-07,13:58:45,136.0,0.09128,2725.12165663818,3.131582469777078
2020-01-07,13:59:19,1.0,0.0,14.64445571562524,3.9373714581940638
2020-01-07,13:59:22,1.0,0.0,26.760707244005566,0.7330683765606062
2020-01-07,15:48:25,56.0,0.03558,1129.509975257162,1.0849726853349502
2020-01-07,15:48:26,57.0,0.02449,1135.8686578785555,2.0037346793524895
2020-01-07,16:30:47,286.0,0.13323,5719.372948691141,1.806411290243384
2020-01-07,16:30:49,285.0,0.16488,5702.467955887153,4.24446090063989
2020-01-07,18:05:20,242.0,0.12387,4839.167669198632,2.658467418771813
2020-01-07,18:05:23,246.0,0.11471,4917.857480226655,0.9824066419974579
2020-01-07,19:04:20,99.0,0.0462927,1983.2535541814586,3.390899295789825
2020-01-07,19:04:24,32.0,0.01266,646.3289070015436,1.0572730287418455
2020-01-07,19:04:42,98.0,0.06191,1961.6657321757023,3.0644856828158797
2020-01-07,19:15:08,215.0,0.10977,4302.8849304462,1.08493521556606
2020-01-07,19:15:11,169.0,0.0862202,3385.000675606919,3.4183513879592464
2020-01-07,19:25:23,55.0,0.0326,1101.44141601326,1.8019832143770074
2020-01-07,19:25:25,95.0,0.05139,1900.2274337513284,4.4852996976161625
2020-01-07,20:28:10,120.0,0.07487,2401.189710373953,1.5449087870932283
2020-01-07,20:28:38,133.0,0.07549,2666.110863280703,2.282045560519473
2020-01-07,20:49:49,113.0,0.06996,2255.1518254748203,4.111837645030912
2020-01-07,20:53:24,64.0,0.03522,1278.7917349894622,2.727471882708322
2020-01-07,21:04:07,12.0,0.00856,230.66219973993316,4.904023379290047
2020-01-07,21:04:52,33.0,0.02238,658.9226306692988,0.5480772450593766
2020-01-07,21:46:56,11.0,0.00682,221.3874533505994,1.771959610611516
2020-01-07,21:53:42,22.0,0.01246,446.5729612217336,3.4575053334798254
2020-01-07,21:56:04,13.0,0.00759,259.84133674696665,3.3895351789504766
2020-01-07,22:43:53,0.0,0.0,10.773568086938281,2.3585650012186137
2020-01-07,23:22:53,0.0,0.0,7.791431991701997,2.966478397513563
2020-01-07,23:39:23,0.0,0.0,1.2138261599325941,4.134798167193132
2020-01-08,00:00:00,0.0,0.0,1.7341916336596923,3.870986895494565
2020-01-08,04:07:43,0.0,0.0,0.8164689156102174,4.765837104568395
2020-01-08,04:27:44,10.0,0.005,194.1511291715172,4.441338285011011
2020-01-08,04:55:01,90.0,0.05623,1795.2044413763608,3.1522079871490547
2020-01-08,04:55:07,138.0,0.07857,2761.5906636333543,4.31993670468615
2020-01-08,05:12:26,24.0,0.0109,479.6530735202444,4.851121545415328
2020-01-08,05:23:20,13.0,0.00788,260.3392536336917,3.6697133818749053
2020-01-08,06:02:16,146.0,0.08867,2912.847914604643,1.354677810491084
2020-01-08,06:02:51,106.0,0.06684,2111.855925189757,1.7925285476203403
2020-01-08,12:34:59,8.0,0.00488,157.49795641016917,1.4876507300987245
2020-01-08,13:55:24,13.0,0.00803,260.85483021265543,0.8574013009634303
2020-01-08,14:20:51,37.0,0.02356,743.725065196071,1.6157819633902115
2020-01-08,15:59:10,42.0,0.02709,835.7828560036806,0.7982220742909013
2020-01-08,15:59:11,20.0,0.01319,392.6277744375132,4.107033183525486
2020-01-08,17:05:52,320.0,0.15593,6400.690896897671,1.7617323113687264
2020-01-08,17:06:15,344.0,0.22531,6878.906394708812,4.181218949057279
2020-01-08,17:13:25,2.0,0.0,45.92016587860359,1.255736615742585
2020-01-08,17:16:50,3.0,0.00117,54.9181088938116,4.22505764176426
2020-01-08,17:16:53,10.0,0.0063,195.04785488911352,3.0772361195009132
2020-01-08,17:33:50,26.0,0.01657,526.6236740578003,3.795670564375079
2020-01-08,17:50:14,294.0,0.20443,5883.328060583008,4.1068432123616905
2020-01-08,17:50:18,265.0,0.1447,5309.112617515045,1.6423489324538398
2020-01-08,18:44:45,56.0,0.09557,1121.8772435159458,3.465087257570745
2020-01-08,18:48:20,339.0,0.22898,6776.586331719893,1.234849010928068
2020-01-08,18:51:37,213.0,0.0,4250.029419644355,1.5743981309260446
2020-01-08,18:54:44,0.0,0.04834,4.07859012964616,2.842678292779827
2020-01-08,18:55:36,714.0,0.0,14280.51087546343,3.704418796694475
2020-01-08,18:55:38,0.0,0.33413,2.8440794922456414,2.821962740274779
2020-01-08,18:59:03,808.0,0.51286,16160.212809449258,3.422141565362957
2020-01-08,19:05:35,499.0,0.0,9971.566866295168,3.4787717474707183
2020-01-08,19:05:37,0.0,0.27569,0.598884171705319,3.955851723802387
2020-01-08,19:12:43,501.0,0.34054,10022.461914644766,1.340359033629749
2020-01-08,19:15:36,185.0,0.0,3699.729856993561,3.1480148107446917
2020-01-08,19:15:38,0.0,0.12433,0.9272659036468379,4.51853101681856
2020-01-09,00:00:00,0.0,0.0,6.39474292066352,1.637164881391661
2020-01-09,07:02:21,18.0,0.0117,361.8153327888827,3.944417946359528
2020-01-09,07:19:12,22.0,0.0133,427.35460860163323,1.6063053158503342
2020-01-09,07:37:53,13.0,0.00725,263.76942930877965,1.6626353936930394
2020-01-09,10:04:49,12.0,0.00722,246.41486006420953,1.4129935256969144
2020-01-09,11:23:16,9.0,0.00463,176.4732038056711,3.269405496140572
2020-01-09,14:48:47,14.0,0.00826,276.7807587233335,0.9336230140417692
2020-01-09,15:50:37,9.0,0.00567,177.17584053324074,0.8751195374696199
2020-01-09,18:45:32,8.0,0.00296,164.77115075013964,3.5816326339662363
2020-01-10,07:05:38,9.0,0.00333,174.75322015683383,1.3082706622011742
2020-01-10,07:17:51,17.0,0.01024,329.97133463851867,3.9241193031418793
2020-01-10,10:05:56,295.0,0.13895,5898.1332469994495,2.4513204318644743
2020-01-10,10:06:56,302.0,0.13643,6045.801471582912,2.043298129263046
2020-01-10,10:16:42,27.0,0.03909,538.0043189074909,2.1969661704071637
2020-01-10,10:17:54,67.0,0.0,1336.7539424821548,3.8678209312046246
2020-01-10,10:36:33,9.0,0.00324,182.25732309643215,3.951177085898144
2020-01-10,11:20:14,321.0,0.2826499999999999,6416.272137842439,4.738551515120748
2020-01-10,11:20:37,142.0,0.0,2841.1368667587662,2.612799175883059
2020-01-10,11:30:44,123.0,0.07516,2461.0212874060176,4.894924719872914
2020-01-10,11:31:37,73.0,0.03525,1449.316656205282,3.6519254263800116
2020-01-10,11:40:41,17.0,0.0117,346.5546794797033,1.2284479899509853
2020-01-10,12:10:32,32.0,0.01616,638.2118353603615,3.72998869600286
2020-01-10,12:19:56,135.0,0.07644,2699.0748946946874,3.4478445808785088
2020-01-10,12:20:47,67.0,0.03511,1345.7381882796335,1.800990181403005
2020-01-10,12:30:49,144.0,0.09052,2877.3733536341456,2.7216801662458114
2020-01-10,12:41:12,32.0,0.02008,637.6026569996959,4.098321920681167
2020-01-10,14:32:43,59.0,0.03014,1183.2356564877257,2.6849948784216107
2020-01-10,14:32:45,63.0,0.0375,1259.487070544775,2.98872511799134
2020-01-10,15:02:35,116.0,0.05169,2321.1783718515526,4.609465940757189
2020-01-10,15:02:41,154.0,0.0775,3082.171156738897,4.771142920984854
2020-01-10,15:13:29,62.0,0.03464,1239.0402235313716,4.79416755278002
2020-01-10,15:13:30,44.0,0.0201,877.3239268160526,4.9494839175081875
2020-01-10,15:24:25,278.0,0.15293,5569.8156308913285,4.934637803623465
2020-01-10,15:24:53,128.0,0.09013,2562.6706626058585,0.9593038335723529
2020-01-10,15:33:12,123.0,0.0,2463.820326060617,0.8432829320612455
2020-01-10,15:34:33,42.0,0.02362,842.7151888286107,1.908737787191447
2020-01-10,15:35:08,0.0,0.05558,3.1026082688131855,3.3742881268247573
2020-01-10,15:41:26,1.0,0.0,23.23771995709257,3.0683815494073405
2020-01-10,15:43:19,41.0,0.0,811.5226909956132,3.6380775190663157
2020-01-10,15:45:51,0.0,0.01669,3.377630216829361,0.9836288921731396
2020-01-10,16:03:54,182.0,0.0956139,3640.1334851319953,0.6817453841073225
2020-01-10,16:03:58,192.0,0.11296,3847.4495520223186,3.4403924647368953
2020-01-10,16:22:14,144.0,0.07101,2882.8209164027166,1.1387474787837846
2020-01-10,16:22:15,156.0,0.08683,3124.6753797391957,3.9497854505855083
2020-01-10,16:32:30,192.0,0.10836,3847.1508268010066,2.2476110725653595
2020-01-10,16:32:31,187.0,0.09733,3734.2924470337634,4.6260406549053
2020-01-10,16:39:45,79.0,0.0,1577.8722721446281,0.5292861336820127
2020-01-10,16:45:25,0.0,0.04414,7.504334443405866,3.2183720130977354
2020-01-10,16:45:42,32.0,0.01903,638.4586575921464,1.0666015413975614
2020-01-10,17:28:28,118.0,0.07358,2360.4699533112816,2.7127125881820473
2020-01-10,17:29:14,81.0,0.04221,1620.795818819444,1.9040147302677233
2020-01-10,19:55:55,13.0,0.00793,261.71642342457477,1.0078374065397036
2020-01-10,21:08:59,18.0,0.007,366.61644238937055,4.219524460136267
2020-01-11,08:40:47,45.0,0.02822,899.4891769577027,4.342403174502971
2020-01-11,08:54:30,207.0,0.12345,4139.213184581236,2.6544717862366727
2020-01-11,09:33:56,8.0,0.00488,169.36891700960325,3.745634231572261
2020-01-11,09:36:26,8.0,0.0048,161.04664955947896,0.7495001293642851
2020-01-11,09:58:36,34.0,0.02021,681.6212595840171,2.334705406858504
2020-01-11,09:58:37,21.0,0.0099,415.1484955187169,2.028640921677691
2020-01-11,10:15:52,125.0,0.06974,2504.4842113663403,1.9836157016328486
2020-01-11,10:16:20,101.0,0.04537,2015.290249969443,1.8882498859480692
2020-01-11,10:29:21,40.0,0.01806,809.9542447640755,3.847501291705754
2020-01-11,10:32:47,29.0,0.01703,578.8208701289725,4.214645445021656
2020-01-11,10:43:36,16.0,0.00576,323.0428600099425,1.5550138817307604
2020-01-11,10:57:26,253.0,0.12765,5059.276514230406,4.883563274574675
2020-01-11,10:57:29,225.0,0.1508,4498.701822364291,4.27097842080132
2020-01-11,12:46:36,8.0,0.0048,162.6394044674721,2.2411203279134257
2020-01-11,16:19:22,34.0,0.01529,679.6823546814453,3.2759791579638735
2020-01-11,16:42:10,195.0,0.11434,3906.6429756881394,4.136291673639185
2020-01-11,16:42:34,261.0,0.15461,5218.105947518125,2.2669426657535565
2020-01-11,16:47:38,0.0,0.06162,3.9698171027648654,2.9650581742760913
2020-01-11,16:47:41,102.0,0.0,2035.3991473567714,1.1181190312171203
2020-01-11,16:48:08,31.0,0.0,621.0929361889368,2.245300934871104
2020-01-11,17:45:48,320.0,0.18442,6406.093638978232,3.4236163041322394
2020-01-11,17:45:49,259.0,0.14307,5185.3014497066615,3.2707299214008296
2020-01-11,17:47:50,1.0,0.0,25.584098854195418,4.951255145155037
2020-01-11,17:52:55,34.0,0.0,689.6658625577072,2.8976170021420566
2020-01-11,18:04:39,306.0,0.14487,6119.874118336506,1.3047815071093098
2020-01-11,18:04:41,299.0,0.1848,5982.971190435404,2.5149134001392177
2020-01-11,18:19:58,44.0,0.02614,881.2755589925852,4.411375935713194
2020-01-11,18:20:02,26.0,0.0106,519.8914517490546,3.553808569171908
2020-01-11,18:58:12,15.0,0.0051,298.7802407518659,1.0270831600525643
2020-01-11,19:07:52,60.0,0.03441,1204.5083483312842,4.764192766947516
2020-01-11,19:08:52,70.0,0.04178,1400.4290990422571,3.432284487896824
2020-01-11,19:52:58,87.0,0.0504,1743.269801133045,2.6833277571326675
2020-01-11,20:12:54,98.0,0.05679,1955.2684311284336,3.470526612878425
2020-01-11,20:17:39,44.0,0.03789,881.977457923387,1.5898217226755724
2020-01-11,20:20:41,20.0,0.0,405.27819012685393,1.9347233364315153
2020-01-11,20:43:26,29.0,0.01848,581.912013370026,1.7614456516970045
2020-01-11,20:43:27,11.0,0.00715,217.2916109537084,0.7856681884271848
2020-01-11,21:14:58,105.0,0.06287,2092.8713370527767,2.65298418212242
2020-01-11,22:38:11,77.0,0.06431,1542.9290993629909,0.7525903462115939
2020-01-11,22:42:03,29.0,0.0,590.7445926461255,4.546096382259735
2020-01-11,23:08:55,143.0,0.08589,2855.8996919431415,3.34287784666204
2020-01-12,06:40:48,12.0,0.00692,247.10893038513197,2.684476016382945
2020-01-12,07:08:28,8.0,0.00474,167.8545585972264,1.8552143463961948
2020-01-12,08:04:27,32.0,0.01945,636.234979837806,0.9707716828680075
2020-01-12,11:17:16,25.0,0.01551,491.8778283802075,3.5624890874724544
2020-01-12,13:54:08,16.0,0.00976,323.51780607631923,2.0419503492052558
2020-01-12,14:20:43,35.0,0.02159,707.6849114389094,3.3637662486161233
2020-01-12,14:31:40,294.0,0.18126,5876.466471847547,1.8240944634781253
2020-01-12,22:47:03,18.0,0.01102,359.5118304957331,3.6956609130630786
2020-01-13,04:30:08,22.0,0.01228,436.1749732114047,3.2226980149037154
2020-01-13,06:53:49,17.0,0.01089,334.42575890721173,2.994662405099281
2020-01-13,07:16:44,18.0,0.00948,360.68750476364215,2.5169152092384213
2020-01-13,09:54:30,10.0,0.0062,201.69765993310494,4.750979564475361
2020-01-13,10:33:00,10.0,0.0062,199.41578609039738,3.010245835852199
2020-01-13,10:58:39,66.0,0.0332,1329.6635683343297,4.728236424616281
2020-01-13,10:58:48,22.0,0.01381,438.62639915903134,1.9109527059509397
2020-01-13,11:27:17,10.0,0.0039,197.96388933961097,4.841911709107002
2020-01-13,11:52:14,156.0,0.08881,3124.021403286659,4.129468725874489
2020-01-13,11:58:14,283.0,0.16016,5651.797950621599,4.146916309322375
2020-01-13,12:02:29,180.0,0.09891,3603.9544116103457,2.78959917217028
2020-01-13,12:10:31,23.0,0.01476,455.6341303762698,4.0925886952233395
2020-01-13,12:39:53,317.0,0.15414,6344.065452166288,4.414560292007831
2020-01-13,12:39:54,327.0,0.20848,6545.304498575976,4.20355147656219
2020-01-13,12:51:05,8.0,0.00472,155.95832741472827,4.403248052264558
2020-01-13,13:38:21,170.0,0.09791,3406.907744701782,3.6993179350033607
2020-01-13,13:38:23,183.0,0.11915,3656.074633230615,1.1587643744436713
2020-01-13,13:45:54,2.0,0.0,43.1449278371336,3.1791800384610336
2020-01-13,13:45:56,2.0,0.0,39.097976762581744,1.4207623867214303
2020-01-13,14:45:12,688.0,0.39489,13765.227642647953,3.9659173648192656
2020-01-13,14:45:16,303.0,0.15541,6053.726345585904,2.477585980383675
2020-01-13,14:50:00,0.0,0.30159,8.720873676449424,2.709343077568406
2020-01-13,14:50:05,446.0,0.0,8928.15309415823,2.423124217237614
2020-01-13,14:57:09,32.0,0.0194,641.138112004075,4.8674023594254185
2020-01-13,15:19:33,166.0,0.1051,3322.201365882902,1.5410856525801897
2020-01-13,15:19:35,196.0,0.16784,3914.304664376955,0.7721598330749391
2020-01-13,15:21:41,261.0,0.16198,5215.170818271046,4.414740256084238
2020-01-13,15:23:08,165.0,0.0,3309.5649235859055,4.4418669356052725
2020-01-13,15:31:07,0.0,0.29604,9.397125812438741,3.9684617620079927
2020-01-13,15:32:17,34.0,0.02101,668.5245939145526,3.6510740491416285
2020-01-13,15:32:48,681.0,0.42223,13621.09825225216,2.3694688079674315
2020-01-13,15:33:07,540.0,0.0,10803.337805074287,1.1158445707485314
2020-01-13,15:41:06,0.0,0.34271,4.100571312840938,0.8000926561375015
2020-01-13,15:42:47,335.0,0.20351,6704.728752106272,3.477401394242222
2020-01-13,15:43:56,654.0,0.0,13095.558155313383,1.473560471571503
2020-01-13,15:47:55,620.0,0.38618,12406.053146324935,2.831651156442464
2020-01-13,15:51:15,0.0,0.43679,3.4247078869486227,2.3608547962663975
2020-01-13,15:53:55,671.0,0.0,13421.335735093748,1.4790636697565738
2020-01-13,15:55:44,668.0,0.4355,13361.648253892,3.986374242056901
2020-01-13,16:01:15,0.0,0.11731,2.571982225039654,1.2406891631060293
2020-01-13,16:04:58,94.0,0.0,1877.8836358789795,2.987081297960377
2020-01-13,16:07:56,32.0,0.01971,641.6854614595379,1.2278790775064428
2020-01-13,16:11:01,56.0,0.03526,1120.572159459854,3.8898981534836587
2020-01-13,16:11:51,0.0,0.02231,2.202134943956516,3.69250997258002
2020-01-13,16:39:59,474.0,0.28351,9481.997185666614,1.179786016686223
2020-01-13,16:40:01,495.0,0.31855,9896.788145449122,1.6248918552023754
2020-01-13,17:52:32,419.0,0.19899,8379.240549935208,2.44231951581711
2020-01-13,17:54:48,85.0,0.05353,1697.6342835060761,4.27399153045573
2020-01-13,17:55:42,342.0,0.2202,6845.950726252162,4.039167821188153
2020-01-13,18:05:47,15.0,0.00602,302.30279512229316,3.706273568909537
2020-01-13,18:09:04,4.0,0.00144,79.12595507121077,1.5894215520280452
2020-01-13,18:44:49,53.0,0.03431,1072.1724671216064,3.832628410387051
2020-01-13,18:45:08,16.0,0.01013,326.2054106972598,3.0846044443200777
2020-01-13,18:59:35,85.0,0.05407,1706.1490542850072,1.4433551395158275
2020-01-13,19:15:51,47.0,0.0306,942.4007508328098,0.6710674145022347
2020-01-13,19:16:07,22.0,0.0141,435.04802124285766,0.7236709741787691
2020-01-13,19:40:15,33.0,0.02046,651.6139060464163,0.8792701658671132
2020-01-13,19:41:00,25.0,0.01914,500.38738127483464,4.417977489184693
2020-01-13,19:49:47,5.0,0.0,94.67715359691609,3.4286501046709628
2020-01-13,22:08:51,183.0,0.10673,3669.169919710767,2.235043520949439
2020-01-14,06:59:08,23.0,0.01364,461.141571469276,1.686978487879513
2020-01-14,09:06:28,9.0,0.00549,176.82846377664987,3.2163171820842913
2020-01-14,09:18:49,61.0,0.03852,1219.247947066127,1.563221946690255
2020-01-14,09:18:54,55.0,0.03458,1101.1804019506653,4.836514062637222
2020-01-14,09:20:39,10.0,0.00636,201.6361797215646,2.656776241110421
2020-01-14,09:36:00,68.0,0.039067,1366.2911701152686,1.810128073101509
2020-01-14,09:37:31,31.0,0.01927,622.5133674666791,2.8381354974294104
2020-01-14,09:46:07,295.0,0.18736,5898.143476215339,4.134746822670239
2020-01-14,09:48:45,324.0,0.18443,6481.068870831628,4.774776377576676
2020-01-14,09:56:06,355.0,0.21926,7109.759690807756,1.5923325196335711
2020-01-14,09:59:54,279.0,0.14162,5583.240144120155,2.942975367300259
2020-01-14,10:16:20,165.0,0.118771,3303.55475869895,1.0499173283429184
2020-01-14,10:19:21,161.0,0.10464,3223.104023997008,3.681513614561197
2020-01-14,10:28:36,87.0,0.0551855,1737.0617313422556,4.119358948349672
2020-01-14,10:32:30,341.0,0.16929,6819.397849010929,1.9923300842091605
2020-01-14,10:37:52,385.0,0.20667,7691.402284544825,4.409011328506221
2020-01-14,10:42:43,87.0,0.05184,1749.8338806189495,2.0058657824821173
2020-01-14,10:53:31,42.0,0.02091,840.1201793262109,2.270430720901986
2020-01-14,10:57:18,11.0,0.00682,222.0956159872696,1.0012926673617877
2020-01-14,11:18:36,171.0,0.107305,3415.110840250374,1.124389428208498
2020-01-14,11:19:15,183.0,0.11642,3659.6459006902824,1.4008808616930335
2020-01-14,11:42:51,35.0,0.02419,694.1966872911185,2.7863947639036635
2020-01-14,12:13:57,57.0,0.03541,1132.4952787782531,3.5688295235107192
2020-01-14,14:02:50,27.0,0.01004,539.710109392705,2.8268757467197596
2020-01-14,14:03:25,8.0,0.0028,160.95034342769426,4.424511790531893
2020-01-14,17:35:39,21.0,0.01286,423.17058122506717,1.655320681621672
2020-01-14,17:38:03,42.0,0.02552,844.215395450219,1.5935941123056676
2020-01-14,19:39:38,254.0,0.1552,5078.767335669246,4.624937746243165
2020-01-14,19:41:06,286.0,0.16185,5717.167527161654,0.5682357909899753
2020-01-14,19:49:38,138.0,0.08742,2755.736034261518,1.114467315701084
2020-01-14,19:51:12,94.0,0.0578,1878.436298964472,0.7541788849277955
2020-01-14,20:01:57,5.0,0.00171,104.31289671530561,4.415092346403916
2020-01-14,20:25:24,10.0,0.0036,193.64544633384168,3.69245898485466
2020-01-14,20:28:52,8.0,0.00352,153.80452129114403,3.507065297270995
2020-01-14,21:43:18,395.0,0.259813,7896.2311341608765,0.6599724514519862
2020-01-14,21:43:45,375.0,0.24074,7494.6878749012185,2.2061582403918556
2020-01-14,21:57:06,94.0,0.06732,1879.029105833019,3.7115275749338057
2020-01-14,21:57:10,93.0,0.06317,1863.0979711619743,4.253643084768484
2020-01-14,21:57:38,1.0,0.0,16.39781962214522,1.2343528136099622
2020-01-14,21:58:54,8.0,0.0,161.06090586805155,2.2277785748533683
2020-01-14,22:43:59,124.0,0.07841,2466.6563484049652,2.7161373742339463
2020-01-14,22:46:36,91.0,0.05633,1818.7713826373463,1.4292727212825425
2020-01-14,22:47:01,2.0,0.0,45.647805453794916,2.1665279945288756
2020-01-14,22:47:07,2.0,0.0,40.687885314628744,1.939592426785097
2020-01-15,06:50:12,21.0,0.01289,416.2295697427024,3.7520620165823986
2020-01-15,07:12:50,21.0,0.01227,415.1428673213147,2.2779612973260357
2020-01-15,13:52:15,266.0,0.13576,5322.653812126853,4.0723080968979914
2020-01-15,13:55:58,293.0,0.15066,5855.3116972711405,3.452969689615033
2020-01-15,14:02:14,72.0,0.0355,1440.3264510851573,3.7224425584069745
2020-01-15,14:11:11,28.0,0.00973,554.0275713684928,0.6321942989746525
2020-01-15,14:16:15,24.0,0.00883,484.7944336870533,2.7493002783046934
2020-01-15,14:23:39,8.0,0.00296,166.99735101218002,3.948987002925427
2020-01-15,15:13:40,103.0,0.0611,2054.5142382744575,3.2486578408220232
2020-01-15,15:20:02,183.0,0.11143,3659.217723966716,3.271919258476171
2020-01-15,15:21:02,1.0,0.0,22.252814149725904,1.4109069167078632
2020-01-15,15:21:04,1.0,0.0,15.486763605413365,3.1453418641949673
2020-01-15,15:24:15,68.0,0.04139,1365.2050152648583,1.0958953032753889
2020-01-15,15:32:08,242.0,0.14969,4837.856902297149,2.762781371244634
2020-01-15,15:34:23,173.0,0.10517,3459.3644253877164,4.801504146218739
2020-01-15,16:02:15,15.0,0.00681,312.8517410764527,3.0747142581555162
2020-01-15,16:02:16,15.0,0.00952,303.4074470145272,2.793006765020997
2020-01-15,16:26:02,3.0,0.00102,67.07834459007958,2.320670024561106
2020-01-15,17:09:14,46.0,0.02771,912.4635192408855,3.5250478325937777
2020-01-15,17:09:20,52.0,0.02738,1035.371467934061,0.5363214286085826
2020-01-15,17:43:55,105.0,0.05781,2092.6877658466055,2.967904741719854
2020-01-15,17:44:32,125.0,0.07498,2508.1775482740695,4.911255680569854
2020-01-15,18:02:41,31.0,0.01945,620.369729492972,1.4958767618244082
2020-01-15,18:02:42,14.0,0.00872,273.90666162363266,3.8222515032776045
2020-01-15,18:57:08,58.0,0.0356999999999999,1159.7525913753302,4.7159182407267295
2020-01-15,19:42:53,9.0,0.00333,177.06353379572144,2.5306690304381787
2020-01-15,20:38:33,87.0,0.04869,1742.451330589911,4.254582972814346
2020-01-15,20:39:26,60.0,0.03815,1197.9314345921034,3.287605954165582
2020-01-15,21:23:40,42.0,0.02303,847.0864602266549,3.9733466095384684
2020-01-15,21:23:41,32.0,0.01782,632.1033384216183,0.5605315166963154
2020-01-15,22:45:30,18.0,0.01046,360.72188570360834,2.7667006700443455
2020-01-16,01:17:25,11.0,0.00659,212.71094444406313,4.17569270857124
2020-01-16,05:39:31,10.0,0.0061,195.20654547350313,3.568361945384007
2020-01-16,08:03:49,119.0,0.07469,2386.3249301103556,4.113171509994373
2020-01-16,08:28:42,8.0,0.00272,151.30253851351807,2.9160972353614283
2020-01-16,08:54:30,119.0,0.06759,2375.909726624874,1.54297142848444
2020-01-16,08:54:34,119.0,0.07615,2387.4073273319,0.521852707165585
2020-01-16,09:35:44,4.0,0.0024,73.47243076770935,3.1680642571117597
2020-01-16,09:56:33,51.0,0.02871,1024.2297370014462,1.054189070467451
2020-01-16,14:40:50,16.0,0.00998,321.2157673742497,2.5115098771595776
2020-01-16,17:10:03,6.0,0.00378,119.15152169801742,2.294458799911281
2020-01-16,17:33:47,10.0,0.0066,205.17800601472592,0.899810918569742
2020-01-16,20:42:26,34.0,0.02142,673.4676616341021,1.2676009865297586
2020-01-16,23:29:09,29.0,0.0182,577.7375238727963,3.919690286666452
2020-01-17,05:39:16,8.0,0.00496,154.80874884691121,4.193077926276121
2020-01-17,06:16:36,8.0,0.00452,166.358826914338,3.8135018335158453
2020-01-17,06:58:55,34.0,0.02123,685.7833003744623,2.8216997496770926
2020-01-17,09:59:10,18.0,0.01128,354.1592587165983,3.421656680615785
2020-01-17,10:58:32,33.0,0.01865,660.6158091466242,4.097297497046722
2020-01-17,11:15:14,18.0,0.01092,355.18558250492066,2.8243109258568944
2020-01-17,11:27:03,48.0,0.02679,961.5387483453167,4.2892533289552475
2020-01-17,11:44:01,7.0,0.00434,142.4909893956419,2.9963852119058436
2020-01-17,17:37:40,47.0,0.03029,935.5984040106085,4.416446035494356
2020-01-17,22:22:08,9.0,0.00342,183.56332805693512,4.147356288542334
2020-01-18,05:16:40,13.0,0.00841,265.1965499264618,3.3778023456207458
2020-01-18,05:45:18,20.0,0.01276,392.79123169265335,4.525181831661283
2020-01-18,06:53:19,42.0,0.02651,839.4984307746098,4.426069487134096
2020-01-18,07:11:52,10.0,0.006,192.33195974850074,1.6846196775223539
2020-01-18,07:54:44,9.0,0.0054,179.68716859811687,1.755624037739751
2020-01-18,08:56:37,6.0,0.0029,124.06405559298935,1.1683836758571124
2020-01-18,09:26:21,86.0,0.04701,1715.2272545754079,3.4989318251498265
2020-01-18,09:37:08,57.0,0.03548,1140.01791665131,3.892135464387783
2020-01-18,09:47:20,32.0,0.01994,639.3205975110938,3.5579061484203804
2020-01-18,11:33:58,38.0,0.0233,761.9802342202205,4.2886557313004525
2020-01-18,15:39:17,28.0,0.01687,555.0172455967852,4.370604439863934
2020-01-18,21:45:43,22.0,0.01295,444.64100474999333,4.5151819425400985
2020-01-18,22:31:11,0.0,0.0,0.865109232805379,2.456746090232727
2020-01-19,03:10:54,0.0,0.0,8.324399655163857,1.7027813848183035
2020-01-19,03:37:03,0.0,0.0,3.1030903182087477,4.0840284086917205
2020-01-19,03:46:41,0.0,0.0,0.04664773106922953,4.093795092039029
2020-01-19,04:11:05,16.0,0.00976,311.5043509655592,3.9104863823370213
2020-01-19,07:21:14,13.0,0.00564,254.3869670811506,3.609288371972602
2020-01-19,07:49:30,27.0,0.0177,544.6185072758027,3.5318994030862463
2020-01-19,14:43:55,24.0,0.01476,477.9497795084521,1.6059736796020383
2020-01-19,15:10:47,33.0,0.018,652.4464229776484,1.728511229446967
2020-01-19,15:22:13,72.0,0.04518,1441.0194936615092,2.275443987677259
2020-01-19,15:22:14,62.0,0.03154,1237.741204616317,4.626832299174383
2020-01-19,15:41:52,3.0,0.00186,56.48002030681098,2.164755738617489
2020-01-19,16:06:44,131.0,0.0706,2623.7819982989804,3.5016453924085678
2020-01-19,16:06:46,119.0,0.06493,2379.28607470908,3.1475350927936447
2020-01-19,16:16:44,342.0,0.15184,6845.856210086237,3.2449877454335763
2020-01-19,16:16:45,343.0,0.17306,6865.14374469404,0.8473429615399601
2020-01-19,16:20:11,1.0,0.0,17.5420666259492,4.2213176416906855
2020-01-19,16:20:21,1.0,0.0,17.31615983060608,4.413737160030809
2020-01-19,16:34:03,27.0,0.01742,546.0197455341129,4.645812124012357
2020-01-19,18:19:52,325.0,0.16249,6510.3915861018195,2.5354233571559157
2020-01-19,18:19:56,290.0,0.12938,5797.94940381471,2.56640782015607
2020-01-19,18:33:20,43.0,0.0261,858.6510768640164,0.630352599247401
2020-01-19,18:33:46,22.0,0.0098,439.58271489979643,2.2733994905791977
2020-01-19,19:01:09,11.0,0.00432,214.7924205274011,2.961059624981586
2020-01-19,19:15:58,88.0,0.05083,1763.3379717943683,1.346655917878258
2020-01-19,19:16:26,67.0,0.03811,1343.754980745373,4.056608296706833
2020-01-19,20:18:02,13.0,0.0082,252.63050073410574,4.997036652251682
2020-01-19,23:18:15,0.0,0.0,0.6901735063981579,3.0399122229123323
2020-01-20,06:31:44,15.0,0.0093,303.0054194561535,0.6853641366101837
2020-01-20,06:58:27,8.0,0.00496,156.47324843187127,3.3106439740057088
2020-01-20,09:25:55,34.0,0.02139,681.7670287648754,3.421235919992413
2020-01-20,12:35:22,10.0,0.00618,203.50948048349878,0.5534494473477365
2020-01-20,16:02:34,2.0,0.00118,38.002551404924915,1.5912683005513246
2020-01-20,16:34:43,46.0,0.05492,915.5573945876449,4.117300700181436
2020-01-20,16:40:30,57.0,0.0,1141.4478541399337,0.6038421122466129
2020-01-20,16:46:17,0.0,0.02249,4.596179876710154,4.110983499292425
2020-01-20,16:50:57,30.0,0.0,603.4611732445921,0.8885408625957902
2020-01-20,17:21:42,131.0,0.0644648,2621.2039459821895,0.846277738848841
2020-01-20,17:31:42,615.0,0.382612,12306.489582979293,4.273340500076612
2020-01-20,18:13:12,4.0,0.00144,79.9400141859806,0.8521833688974425
2020-01-20,18:34:08,828.0,0.38107,16558.000896632704,0.5825554166955218
2020-01-20,18:44:07,650.0,0.30166,13003.826027270961,4.752668644862526
2020-01-20,18:55:54,39.0,0.02486,785.6567805297082,3.4584750247040303
2020-01-20,19:06:51,83.0,0.03919,1656.9074377565264,4.003145734027077
2020-01-20,19:17:47,229.0,0.08964,4572.866027305023,1.3549173276045063
2020-01-20,19:42:26,37.0,0.02181,739.483717220912,2.9996892653587564
2020-01-20,19:53:01,60.0,0.02717,1194.7049320589065,1.2068796570065425
2020-01-20,20:22:29,23.0,0.01466,464.30404946546355,1.4950761537349462
2020-01-20,22:51:42,8.0,0.0044,156.62621648050893,0.7652103411860602
2020-01-20,23:42:45,0.0,0.0,0.0924117762505606,3.243230855226171
2020-01-21,06:10:59,121.0,0.06782,2420.579042763605,2.2059485317443137
2020-01-21,06:11:04,104.0,0.05957,2079.048721828995,3.047264719701518
2020-01-21,06:21:04,9.0,0.00569,175.1316545554562,3.520066092074066
2020-01-21,06:21:06,12.0,0.0072,245.54403815995155,2.0881407444149733
2020-01-21,06:53:57,43.0,0.02276,859.3352105532125,0.5328463268004593
2020-01-21,07:01:23,38.0,0.02722,760.8339618569361,3.4016989174344108
2020-01-21,07:05:25,90.0,0.0,1803.7729959150352,4.190741271558851
2020-01-21,07:05:26,75.0,0.04532,1502.6902358922305,2.4471221493467623
2020-01-21,07:13:21,0.0,0.14687,0.21808215535061515,1.0393472963693124
2020-01-21,07:18:51,410.0,0.20925,8204.623196290648,4.557962654769025
2020-01-21,07:19:41,383.0,0.0,7646.051123317034,1.7331389621614028
2020-01-21,07:23:23,0.0,0.07053,3.568743908704513,4.370810509511016
2020-01-21,10:32:33,9.0,0.00549,182.57153057055663,4.170362836406722
2020-01-21,11:59:38,12.0,0.15511,245.38885337011948,3.1707860190811084
2020-01-21,12:01:40,298.0,0.13623,5963.170967590568,2.094561640798903
2020-01-21,12:04:49,356.0,0.0,7119.154993999086,2.485194543382242
2020-01-21,12:11:50,0.0,0.03677,4.343611160291499,3.5436968999910716
2020-01-21,12:12:15,60.0,0.03496,1195.6218763581612,3.5144111501813895
2020-01-21,12:41:04,275.0,0.13527,5494.889161345148,1.7923019129087927
2020-01-21,12:41:18,294.0,0.15975,5883.327409286536,1.616838282879761
2020-01-21,12:51:04,605.0,0.29722,12101.32353358985,2.57057496017397
2020-01-21,12:51:18,558.0,0.29729,11164.482450557874,2.4699503495819375
2020-01-21,13:04:17,11.0,0.00474,226.40123544588695,3.8224192334665927
2020-01-21,13:04:19,21.0,0.01438,419.2063652588497,4.986258764334642
2020-01-21,13:14:04,13.0,0.0,265.82497734643937,1.8856656591394012
2020-01-21,13:14:34,0.0,0.00665,7.957198145096662,1.4800152220756597
2020-01-21,13:16:42,54.0,0.02858,1076.8510539714796,3.502981262558846
2020-01-21,13:16:46,30.0,0.01224,599.9352752383337,4.924969690603221
2020-01-21,13:28:24,38.0,0.01758,751.3720855246195,1.3032920688378222
2020-01-21,13:28:25,38.0,0.02097,764.8982498217802,3.9545965634971583
2020-01-21,13:49:09,191.0,0.09528,3818.5713934331775,1.9346630326052003
2020-01-21,13:49:15,160.0,0.08221,3198.8632877319774,4.695480115372205
2020-01-21,14:38:16,223.0,0.11016,4466.12315277524,4.755106274194369
2020-01-21,14:38:46,243.0,0.11569,4862.506023154556,4.656870077560644
2020-01-21,14:49:06,119.0,0.05752,2378.8296335533623,0.9453678981327278
2020-01-21,14:56:41,401.0,0.20456,8007.028202899911,1.1270758674011538
2020-01-21,14:58:46,297.0,0.13952,5938.638758081457,1.7866405100951923
2020-01-21,15:06:58,20.0,0.02229,398.937728940781,2.6904484739503043
2020-01-21,15:14:49,62.0,0.0,1237.68356296092,4.40414189411157
2020-01-21,15:16:28,25.0,0.01088,500.2043111225532,2.987814070902955
2020-01-21,15:17:26,0.0,0.01862,3.550892620367145,4.6694952966993295
2020-01-21,15:32:29,194.0,0.10008,3881.6907758638226,3.5101893603724776
2020-01-21,15:32:35,220.0,0.12529,4401.112755456024,1.9456111950413604
2020-01-21,15:44:45,158.0,0.0811,3158.6764051880987,1.3556003717768959
2020-01-21,15:44:48,154.0,0.07185,3080.103713114041,3.4647705387628074
2020-01-21,15:59:23,184.0,0.10373,3676.220005034506,3.1250728423918246
2020-01-21,16:03:13,153.0,0.08673,3058.7072970810846,4.984403013123509
2020-01-21,16:43:58,103.0,0.06144,2066.6005920051925,4.5875226209607085
2020-01-21,16:44:05,95.0,0.05688,1899.5060786923807,2.6545747351061744
2020-01-21,19:45:27,107.0,0.0582,2140.0003427477764,4.7918716065508296
2020-01-21,19:47:01,108.0,0.06793,2165.507952995053,3.6284277078022837
2020-01-21,20:11:51,10.0,0.00428,207.681011525059,2.8653545955423363
2020-01-21,21:28:39,53.0,0.02823,1053.8308810268582,2.4420895741048634
2020-01-21,21:29:55,41.0,0.02345,829.1221166800974,4.511262253997854
2020-01-21,21:39:56,146.0,0.08969,2916.6812121457406,1.9723370371452988
2020-01-21,21:39:57,147.0,0.0875,2941.47334980429,1.1959520887757253
2020-01-21,21:52:22,614.0,0.3503,12285.569926289741,0.9922952624822576
2020-01-21,22:29:45,18.0,0.01062,364.8371612001426,0.8620462816208612
2020-01-22,13:23:33,12.0,0.00756,230.0384620531298,2.710777287123171
2020-01-22,14:32:51,43.0,0.02572,859.5173413264844,4.258481219207856
2020-01-22,18:22:19,33.0,0.0202,654.2655497957969,1.055106666608813
2020-01-23,06:47:47,8.0,0.00296,154.83677529992838,1.049896206911415
2020-01-23,13:34:12,429.0,0.22757,8582.264855202888,2.2601376946653695
2020-01-23,13:34:14,417.0,0.22697,8335.807985040234,2.598039961198143
2020-01-23,13:44:13,233.0,0.10646,4658.591446609646,4.927053406314723
2020-01-23,13:44:14,260.0,0.14964,5200.615805914311,1.7479972716500825
2020-01-23,13:52:45,29.0,0.0,576.3562593563951,1.0851619119945808
2020-01-23,13:59:16,0.0,0.01831,1.2862650712942225,3.0059134112756642
2020-01-23,14:03:26,24.0,0.0,481.8266249461202,2.8604048666877913
2020-01-23,14:09:44,31.0,0.01963,623.6315909127743,2.014641545156616
2020-01-23,14:09:46,0.0,0.00859,6.9155644382408985,4.4359684182213055
2020-01-23,14:29:49,8.0,0.00496,163.21532981436917,4.833968568715543
2020-01-23,15:01:07,726.0,0.37048,14510.550229818724,3.1130444133428714
2020-01-23,15:02:05,760.0,0.44268,15193.19308682359,3.1913728839693274
2020-01-23,15:12:00,723.0,0.3932,14458.85235234121,4.175242782596955
2020-01-23,15:12:05,387.0,0.2487,7742.62769362726,3.3844524435401673
2020-01-23,15:17:23,375.0,0.0,7503.254910787752,2.0130345506397527
2020-01-23,15:17:26,0.0,0.22035,0.295820138738641,2.1105210765152767
2020-01-23,16:34:55,10.0,0.0064,204.23526069174451,1.8000857741165444
2020-01-23,16:34:58,9.0,0.00558,178.87176404847617,3.1615173802433887
2020-01-23,16:46:46,9.0,0.00315,177.06586659796514,2.0226159660208993
2020-01-23,17:00:45,8.0,0.00528,157.455390573627,3.1827487776525647
2020-01-23,17:11:37,123.0,0.0562,2465.412378278855,1.7466336820213142
2020-01-23,17:11:41,141.0,0.06217,2822.5469743181116,4.921673598159625
2020-01-23,17:12:22,1.0,0.0,22.545731188124325,4.582867181468322
2020-01-23,17:54:00,147.0,0.07782,2930.490591477647,0.673063398340124
2020-01-23,17:54:02,109.0,0.06784,2189.130793495192,0.7935464268215056
2020-01-23,18:28:20,45.0,0.02557,895.3020963503573,4.601978939991655
2020-01-23,18:38:42,29.0,0.01656,581.4676182601651,0.7549155977539093
2020-01-23,18:55:26,22.0,0.00914,444.9625567506579,3.7943685836672203
2020-01-23,19:16:56,73.0,0.04493,1454.3470746771038,1.5370266995154327
2020-01-23,19:27:48,12.0,0.04605,243.87295401976493,1.587449089894215
2020-01-23,19:32:39,189.0,0.11597,3783.624028713054,2.651498302510101
2020-01-23,19:34:23,168.0,0.0,3361.9592730313375,4.36838455167165
2020-01-23,19:38:27,0.0,0.05468,1.9929143166623653,1.9371172502281107
2020-01-23,20:37:28,219.0,0.13789,4380.266257370856,4.345378074463472
2020-01-23,20:37:30,225.0,0.11009,4496.4361983410545,1.0958092072026306
2020-01-23,21:20:32,20.0,0.01244,398.6367979536481,3.696456728828327
2020-01-23,21:20:33,12.0,0.00747,245.0338421797821,1.0030788344671182
2020-01-23,21:34:19,25.0,0.01274,494.94537485344034,4.241975662407086
2020-01-23,21:48:55,291.0,0.15138,5819.9154127857355,2.118958478692302
2020-01-23,21:50:21,336.0,0.1573,6725.648123655754,4.124205309017206
2020-01-23,21:58:24,4.0,0.0,78.1759481744473,2.5703770871244984
2020-01-23,21:58:27,3.0,0.0,75.6997173244853,2.3100087950947397
2020-01-23,21:58:55,63.0,0.03953,1261.2891676164693,1.3315022979360311
2020-01-23,22:00:38,11.0,0.00671,210.73560446906134,4.485702878242777
2020-01-23,22:28:50,18.0,0.01116,364.1809588410911,0.845749624681032
2020-01-24,09:12:47,323.0,0.2114,6452.020531086234,4.023369549968652
2020-01-24,09:15:02,284.0,0.18945,5684.5935367145785,4.635656653357818
2020-01-24,09:22:54,9.0,0.00585,179.0550855060037,3.7655633121159093
2020-01-24,09:34:41,15.0,0.00909,289.63089594631384,3.384019614108257
2020-01-24,10:10:45,46.0,0.0298,919.4112089899583,1.5320785450741734
2020-01-24,10:11:30,68.0,0.04251,1357.8246174508447,2.830228356410333
2020-01-24,10:22:07,111.0,0.06617,2225.8728641959933,0.5143786163801132
2020-01-24,10:22:09,105.0,0.06598,2097.14260329907,1.5783461786250528
2020-01-24,10:33:04,36.0,0.0227,714.9446394158676,1.8009086921074595
2020-01-24,10:33:05,48.0,0.03036,956.8617540773995,1.4623607321425927
2020-01-24,10:56:07,193.0,0.13123,3861.3189460640874,3.7356176793816247
2020-01-24,10:56:10,39.0,0.02443,789.8841663483973,1.5992054551767563
2020-01-24,10:59:23,155.0,0.09216,3101.290302443105,1.2075637843776827
2020-01-24,11:08:46,104.0,0.0692,2078.917109038315,1.9325902763327578
2020-01-24,11:09:26,78.0,0.04935,1559.0440838888107,4.019232077879929
2020-01-24,11:12:51,1.0,0.0,21.78579092704757,3.9332202857291225
2020-01-24,11:42:57,117.0,0.07025,2341.0158720071167,0.7761535028595015
2020-01-24,11:51:23,122.0,0.08005,2438.017880266761,2.346073780402918
2020-01-24,11:52:56,2.0,0.00072,42.121418717207256,0.5239486743787013
2020-01-24,12:21:15,52.0,0.02892,1040.153487235273,0.8717927504539467
2020-01-24,12:21:20,50.0,0.02932,1003.3182983552958,1.9411154247148534
2020-01-24,13:09:12,198.0,0.12613,3959.0770010874135,1.5053938164027092
2020-01-24,13:09:13,194.0,0.10638,3879.646912953045,3.8516198223499845
2020-01-24,13:59:41,280.0,0.1745,5598.226263785806,1.2850179711573042
2020-01-24,14:01:11,443.0,0.29496,8866.739932082752,0.9298982358141297
2020-01-24,14:09:40,965.0,0.49534,19292.780282674932,4.801933171105525
2020-01-24,14:11:12,1031.0,0.66504,20624.439579658356,2.4705303880479135
2020-01-24,14:16:09,1.0,0.0,15.24552559096772,0.6741875111571607
2020-01-24,14:16:11,1.0,0.0,16.99508033796293,4.189202995814224
2020-01-24,14:19:11,831.0,0.0,16627.21315831954,2.139319296899526
2020-01-24,14:19:13,0.0,0.46202,1.1573574826216007,2.139352281685941
2020-01-24,14:21:12,714.0,0.48162,14283.648972531537,4.30096254981431
2020-01-24,14:29:36,525.0,0.33496,10502.385665513704,4.609751992491054
2020-01-24,14:31:12,457.0,0.29135,9133.923641292837,1.3254910787016358
2020-01-24,14:40:05,116.0,0.07376,2319.0569943100145,2.1132252449767286
2020-01-24,14:41:33,61.0,0.03895,1224.5817643270568,0.832042277720818
2020-01-24,14:50:17,22.0,0.01421,445.5394769340813,4.235545610246516
2020-01-24,15:11:38,549.0,0.36175,10976.154240139627,0.6747708460150359
2020-01-24,15:11:42,530.0,0.28612,10600.7363728313,4.650224903640519
2020-01-24,15:21:38,722.0,0.41077,14439.863429502844,1.1715084837789216
2020-01-24,15:21:41,1103.0,0.44097,22065.907900645958,3.6729384307872692
2020-01-24,15:28:00,917.0,0.0,18339.93887186299,1.5690127241827914
2020-01-24,15:28:03,0.0,0.56394,3.224720562211505,3.0452444078006558
2020-01-24,15:31:53,856.0,0.454,17120.460306751,3.9993106112510737
2020-01-24,15:38:01,743.0,0.0,14853.333665463779,3.9855707062772874
2020-01-24,15:38:03,0.0,0.49013,0.842350247335833,2.298952846680412
2020-01-24,15:41:52,395.0,0.37149,7900.741665698923,3.2274425747889337
2020-01-24,15:46:40,1.0,0.0,20.532739079327275,4.615057117842515
2020-01-24,15:46:41,1.0,0.0,21.007977259785537,1.1935761097760773
2020-01-24,15:48:26,165.0,0.24072,3299.2159205264747,1.4920290971577048
2020-01-24,15:49:04,520.0,0.0,10398.203923088187,3.3977001034516685
2020-01-24,15:50:50,624.0,0.0,12477.659069832971,4.88467446655423
2020-01-24,15:51:51,0.0,0.31022,1.147584854576714,4.866435793139315
2020-01-24,15:53:26,0.0,0.24625,10.264895852672595,4.620564106511502
2020-01-24,15:58:58,174.0,0.0,3479.486684379478,2.2248880865040634
2020-01-24,16:00:50,190.0,0.0,3804.1870930127675,1.5812013439649601
2020-01-24,16:09:04,240.0,0.15314,4803.034535795934,3.9792847452136266
2020-01-24,16:09:05,0.0,0.1502,0.9699854091603104,3.5973921000594795
2020-01-24,16:10:50,60.0,0.0,1198.9847531584626,1.5143925144280197
2020-01-24,16:11:31,1.0,0.0,22.195265347948215,1.97959645427277
2020-01-24,16:11:33,1.0,0.0,10.475423553016114,3.4288165030699003
2020-01-24,16:29:58,55.0,0.03471,1092.3154148410647,0.7317177086761256
2020-01-24,16:30:06,50.0,0.03284,997.9010503736127,4.5923966434716545
2020-01-24,16:41:51,61.0,0.03798,1207.5067410583652,2.1673830502735467
2020-01-24,16:41:58,19.0,0.01094,382.479150051226,3.7082991931599776
2020-01-24,17:29:38,198.0,0.12507,3959.511040892026,3.7932423977758685
2020-01-24,17:29:40,152.0,0.09415,3043.451382549228,1.8101098637630408
2020-01-24,17:30:31,1.0,0.0,22.70231645407206,4.619265138504525
2020-01-24,17:30:37,1.0,0.0,24.65619692234165,3.8860592276104162
2020-01-24,17:46:13,252.0,0.1568,5046.99385930906,1.3968434033134967
2020-01-24,17:46:17,240.0,0.15123,4798.444097349147,3.5813916248248225
2020-01-24,18:24:59,21.0,0.01279,422.23620843129896,3.4178148864235345
2020-01-24,18:45:29,9.0,0.00549,180.77155599282864,3.156309732728027
2020-01-24,19:00:57,139.0,0.0826,2775.305901863565,4.978496074593391
2020-01-24,19:00:58,136.0,0.08773,2724.4380343360294,3.166473723280421
2020-01-24,19:11:12,302.0,0.20117,6038.913443562232,2.2130193422966293
2020-01-24,19:11:13,311.0,0.19505,6223.252593182145,1.7812104326393174
2020-01-24,19:13:26,3.0,0.0,75.0536396709193,0.8842728673156468
2020-01-24,19:13:27,3.0,0.0,58.826372715516115,0.9351564992233525
2020-01-24,22:33:56,20.0,0.0122,390.83862917049345,2.0847389973729498
2020-01-24,22:44:28,23.0,0.01346,456.23097522945903,3.830035005569172
2020-01-25,00:58:05,5.0,0.00185,101.61298929398178,4.879736544824575
2020-01-25,08:19:59,12.0,0.00656,247.28461303984963,3.404427291675693
2020-01-25,14:56:19,8.0,0.00504,158.40839824798994,2.170672691691397
2020-01-26,07:16:49,18.0,0.0108,368.8059903541266,2.402262407335512
2020-01-26,18:23:27,14.0,0.00788,277.85489300003087,4.953849786355027
2020-01-27,07:36:43,9.0,0.00324,182.9000758939082,1.079637679271083
2020-01-27,08:57:11,19.0,0.01031,382.6828347182162,3.28219494756354
2020-01-27,09:56:32,677.0,0.43709,13547.174821854705,3.240454302959312
2020-01-27,09:56:34,658.0,0.41697,13164.194773034276,4.083812193122371
2020-01-27,10:06:31,189.0,0.11215,3789.9339960603797,1.9702977769351433
2020-01-27,10:06:33,173.0,0.10307,3458.399445073669,1.2748835767574602
2020-01-27,10:18:28,880.0,0.43929,17605.333647707077,3.910042765914724
2020-01-27,10:18:32,133.0,0.07457,2664.293831152003,2.2664288659435448
2020-01-27,10:21:52,1040.0,0.54771,20802.797583477204,2.481981250824318
2020-01-27,10:28:27,351.0,0.18825,7028.638156091927,4.450304036320478
2020-01-27,10:32:12,276.0,0.14818,5520.05680131931,1.6634920503326416
2020-01-27,10:39:33,202.0,0.10261,4039.438146022132,1.5803367417076049
2020-01-27,10:40:58,4.0,0.0,87.193445375977,3.779628712028745
2020-01-27,10:56:11,2.0,0.00076,36.772334541273686,4.853208079272254
2020-01-27,11:07:50,24.0,0.01258,482.5059151633641,4.8365152497863555
2020-01-27,12:02:10,42.0,0.02532,835.4826448746716,1.2853835955722108
2020-01-27,12:24:25,32.0,0.0983284,639.1484575605007,4.546560680562041
2020-01-27,12:31:04,426.0,0.2534,8523.993359135557,0.708632405313274
2020-01-27,12:32:14,356.0,0.0,7119.125352521116,4.75235212314502
2020-01-27,12:34:33,0.0,0.144837,1.48147086227454,2.1071557526047933
2020-01-27,12:44:22,11.0,0.0,221.45782357011512,0.6818587844699961
2020-01-27,12:44:23,38.0,0.02282,752.8358270617782,4.0859229652119495
2020-01-27,12:54:24,184.0,0.09652,3674.56647191551,1.509234470316832
2020-01-27,12:57:43,165.0,0.10245,3304.103125604291,4.815688555443946
2020-01-27,12:58:52,1.0,0.0,27.42702651314608,2.941863875905729
2020-01-27,12:58:54,1.0,0.0,24.36565952124049,4.726984197752267
2020-01-27,15:19:24,194.0,0.11238,3885.237400511099,3.4043569467297288
2020-01-27,15:36:09,205.0,0.11957,4109.343373501247,3.79116435890239
2020-01-27,15:46:08,61.0,0.03773,1218.4149987580029,0.8354300149890148
2020-01-28,00:27:29,10.0,0.00616,206.46192116212225,1.7151486461609922
2020-01-28,04:21:48,11.0,0.00684,214.39336552461947,1.775762077648789
2020-01-28,12:02:15,367.0,0.24798,7326.929895365384,4.874267343810157
2020-01-28,12:02:16,327.0,0.22377,6544.455482314242,2.0783951130583844
2020-01-28,12:13:24,10.0,0.0036,193.3798135297783,2.796304572350994
2020-01-28,12:26:33,32.0,0.01177,632.5691338529998,3.376118202395018
2020-01-28,12:37:40,40.0,0.01568,804.7255380007015,3.2966542891902377
2020-01-28,12:45:44,12.0,0.0048,235.82497319667854,1.102323165489749
2020-01-28,13:14:55,9.0,0.24618,178.16766608636567,0.8872155171607194
2020-01-28,13:15:44,524.0,0.0,10483.916756387742,3.9260147350888723
2020-01-28,13:16:17,608.0,0.37332,12159.087773899795,2.709309260841673
2020-01-28,13:25:31,0.0,0.13535,3.7153371754704474,2.8607051375397883
2020-01-28,13:25:43,212.0,0.0,4237.966646520367,3.3648328215393644
2020-01-28,13:26:16,144.0,0.09677,2882.095668439521,3.5787545778409804
2020-01-28,13:40:15,173.0,0.09688,3459.290428515808,1.3457912075472351
2020-01-28,13:40:17,151.0,0.09666,3019.1515168615388,3.703599367966686
2020-01-28,14:21:11,1046.0,0.49054,20922.883263008876,1.3421195187451085
2020-01-28,14:21:35,94.0,0.06241,1872.8484446264067,2.733657443718932
2020-01-28,14:22:24,1103.0,0.71421,22057.692498717814,3.2644666505136914
2020-01-28,14:31:10,1026.0,0.50655,20522.487106886507,3.935054688292195
2020-01-28,14:32:24,498.0,0.30923,9961.457043096503,4.0535148631
2020-01-28,14:37:08,647.0,0.42098,12935.548339915651,3.7526895129315294
2020-01-28,14:41:10,550.0,0.29198,10991.780138045879,3.5739711694162013
2020-01-28,14:47:08,613.0,0.38619,12263.898327541618,1.1874481469870553
2020-01-28,14:51:09,285.0,0.13268,5699.064521891178,4.484578654929148
2020-01-28,15:34:38,39.0,0.01574,773.8805906345127,3.9018460025309163
2020-01-28,16:00:10,10.0,0.0047,202.8649631350362,1.2398813070520676
2020-01-28,16:13:17,400.0,0.19843,7996.7595267698125,3.947493647797055
2020-01-28,16:14:20,422.0,0.27301,8444.925306010111,3.951934497381906
2020-01-28,16:15:31,1.0,0.0,14.734083360626586,2.0442360861576825
2020-01-28,16:24:00,132.0,0.06462,2648.259669262669,1.054631048686094
2020-01-28,16:24:20,39.0,0.04775,780.4528307334596,1.8525211293245072
2020-01-28,16:27:16,40.0,0.0,799.8680729353781,2.8112744479272798
2020-01-28,16:27:32,0.0,0.00189,1.525843864177765,0.6892699230286952
2020-01-28,16:54:47,30.0,0.0188,601.017206838842,0.602411447606712
2020-01-28,17:35:41,382.0,0.22342,7638.925043889519,0.6964372679162387
2020-01-28,17:35:49,372.0,0.23658,7443.014481367664,0.9851160095853195
2020-01-28,17:58:38,235.0,0.127204,4695.5362905753,1.5295296327458705
2020-01-28,18:10:53,262.0,0.14417,5233.580430473686,2.652339848437764
2020-01-28,18:21:59,276.0,0.14088,5503.917358087255,4.153421353082883
2020-01-28,18:23:03,1.0,0.0,16.2412675584452,3.4957435522532805
2020-01-28,18:27:07,200.0,0.12839,3996.8789124233563,1.8010496100994535
2020-01-29,09:36:21,460.0,0.28591,9196.849931041173,3.355783977051978
2020-01-29,09:36:22,436.0,0.26416,8718.243301296863,1.8065952931545337
2020-01-29,09:49:33,26.0,0.01616,503.0474359774049,4.292432988063334
2020-01-29,09:49:34,28.0,0.01662,561.6213524761464,0.8515370700528215
2020-01-29,10:05:32,14.0,0.00854,284.0725710955639,1.9409264137966535
2020-01-29,10:55:37,589.0,0.37686,11774.998027431593,4.300527591033967
2020-01-29,10:59:41,2.0,0.0,38.039876841357746,0.5267760549501093
2020-01-29,11:55:10,285.0,0.1863,5698.315364404608,2.12462540279696
2020-01-29,12:05:10,147.0,0.09272,2938.709050054813,2.151770969984197
2020-01-29,12:16:09,42.0,0.02654,843.6405726418589,4.1131169225669675
2020-01-29,12:26:10,272.0,0.17537,5431.528422195579,4.721154815287782
2020-01-29,12:51:38,17.0,0.01185,343.389702616479,3.4901381532510287
2020-01-29,12:55:00,187.0,0.11244,3742.3008402285604,1.5598121187578438
2020-01-29,12:55:23,209.0,0.12367,4178.946778625331,0.6230064479143649
2020-01-29,13:06:13,45.0,0.0272,901.3422124220498,0.9945660824710278
2020-01-29,13:06:20,47.0,0.02794,941.3588592752383,3.560640073197577
2020-01-29,13:47:33,162.0,0.08913,3244.182866120726,0.5831368821625864
2020-01-29,13:47:37,153.0,0.09725,3057.8826098595446,2.33201384206353
2020-01-29,14:30:47,8.0,0.00488,160.13904496171477,3.3630087557785626
2020-01-29,15:31:14,5.0,0.0031,105.00206634396099,4.900345162882916
2020-01-29,16:22:25,16.0,0.00992,315.27438359609243,3.7897535765353147
2020-01-29,19:29:23,8.0,0.00488,157.66679124868375,0.9682329742812892
2020-01-29,21:05:44,20.0,0.0122,406.3208743379032,1.9436957191922113
2020-01-29,21:06:47,13.0,0.00803,252.53754760625716,2.678612978000869
2020-01-30,00:43:21,28.0,0.01307,552.2039754484264,0.9287430393236797
2020-01-30,01:13:23,0.0,0.0,12.057050552748837,0.715440817151507
2020-01-30,01:13:41,10.0,0.0063,196.19705382781865,0.998672382055436
2020-01-30,03:34:59,0.0,0.0,8.784644919830175,3.0012777500961283
2020-01-30,04:32:26,11.0,0.00693,217.62892638127434,0.9194002122892895
2020-01-30,04:52:36,102.0,0.05951,2040.529318698801,1.7601586406768766
2020-01-30,04:59:20,61.0,0.03522,1223.1366683256847,1.3139105632350914
2020-01-30,05:05:09,7.0,0.00719,137.3956974961673,1.9281167381112827
2020-01-30,05:10:36,4.0,0.0,87.79978970650647,2.0629054237631657
2020-01-30,05:10:39,12.0,0.0048,233.73911187116425,0.9375871624536527
2020-01-30,05:22:47,88.0,0.05121,1754.0284492235955,3.6103525528061695
2020-01-30,05:23:58,321.0,0.16383,6424.575352364722,3.3262183588198297
2020-01-30,05:25:10,271.0,0.13983,5433.031425465146,1.5997004219919535
2020-01-30,05:34:59,144.0,0.0922,2884.9803001941327,1.9150311054654132
2020-01-30,05:35:10,99.0,0.05384,1987.4127896712744,4.901227831178119
2020-01-30,05:59:18,99.0,0.06769,1980.4308439791296,1.4945622054077363
2020-01-30,05:59:27,62.0,0.03873,1241.0415810012848,4.063129578271074
2020-01-30,06:07:47,24.0,0.0,479.6321071668917,0.9887763097098037
2020-01-30,09:16:46,9.0,0.00523,174.15123899999307,1.3432903588933476
2020-01-30,11:00:08,16.0,0.00976,326.16583652872316,3.816260970383369
2020-01-30,15:59:50,4.0,0.00128,80.45193922147679,1.2338271132955683
2020-01-30,17:30:58,8.0,0.00488,158.53358967442773,1.5093533422904346
2020-01-30,17:48:14,8.0,0.00492,150.39961442128651,2.5591273091640447
2020-01-30,18:24:03,15.0,0.00934,295.91709819183086,3.4870455652703853
2020-01-30,21:37:11,11.0,0.00655,220.6140874269841,3.1008661317824204
2020-01-30,23:17:07,0.0,0.0,7.431685612574947,1.8870030432195446
2020-01-31,04:42:17,17.0,0.00797,330.3366790054355,4.173708054245924
2020-01-31,04:44:53,32.0,0.01994,637.6745068117053,2.9999774349521364
2020-01-31,05:25:04,79.0,0.04946,1577.5182292614109,1.7567692340362027
2020-01-31,05:25:59,42.0,0.02649,839.6984966234711,0.914585265315258
2020-01-31,05:47:20,298.0,0.17419,5962.028759104882,2.3749079839408362
2020-01-31,05:52:16,286.0,0.17029,5732.0921274595985,4.14716639210816
2020-01-31,05:59:59,230.0,0.15277,4598.328959223615,3.657361065209063
2020-01-31,06:04:01,203.0,0.10625,4051.8662495888325,4.661712295390744
2020-01-31,06:15:00,251.0,0.15412,5018.280811655876,1.6004927661442165
2020-01-31,06:15:17,242.0,0.14917,4843.643211035306,0.9084923880873297
2020-01-31,06:28:42,294.0,0.15233,5880.463723636697,2.305411933997854
2020-01-31,06:28:47,290.0,0.15826,5793.943378012623,0.9510198467069508
2020-01-31,07:16:29,27.0,0.01676,541.5590469615555,4.977494993595935
2020-01-31,07:16:35,22.0,0.01422,445.092885404716,4.699485366865717
2020-01-31,07:36:39,302.0,0.18236,6040.915128330199,1.1985119181287496
2020-01-31,07:36:40,314.0,0.19655,6282.063861995045,3.8290910356078216
2020-01-31,07:56:45,142.0,0.06756,2840.655209450102,4.9045597532590115
2020-01-31,07:56:47,132.0,0.06245,2645.9332620071186,2.171923467007299
2020-01-31,08:30:30,133.0,0.07658,2653.209460186865,2.342698384003775
2020-01-31,08:30:34,127.0,0.07773,2533.501657911078,3.5661774328582925
2020-01-31,08:59:43,8.0,0.04548,154.55806163503289,3.562872179204415
2020-01-31,08:59:45,17.0,0.0102,333.08352396333083,3.0254562598002863
2020-01-31,09:08:15,181.0,0.0,3620.866995890945,4.382733279713827
2020-01-31,09:08:18,187.0,0.11154,3744.393968811635,0.9043535975942341
2020-01-31,09:16:25,0.0,0.0695,8.600981546215005,1.7048410409772687
2020-01-31,09:17:32,10.0,0.0,203.65642832292608,1.2838178775084357
2020-01-31,12:54:42,105.0,0.05936,2098.2298537062766,4.690634957749855
2020-01-31,12:54:45,96.0,0.06271,1926.7298579416765,1.2580358945241787
2020-01-31,13:05:51,549.0,0.2711,10974.30692966991,2.8233874306249054
2020-01-31,13:05:57,300.0,0.17437,6002.517388871385,4.6455556617820175
2020-01-31,13:11:36,435.0,0.26278,8705.591956584574,0.8677623723002065
2020-01-31,13:15:50,434.0,0.21253,8683.440597603405,3.751952995368504
2020-01-31,13:21:36,321.0,0.16215,6422.571209001064,1.8815187378773215
2020-01-31,13:26:51,241.0,0.150353,4817.257502148601,1.6620385562621176
2020-01-31,13:31:36,305.0,0.1601,6099.075713415026,0.5617109747837413
2020-01-31,13:37:08,129.0,0.08124,2584.583580919139,1.644597481591753
2020-01-31,13:51:25,11.0,0.00425,222.67487778481143,4.657801018944136
2020-01-31,13:58:42,8.0,0.0028,158.78312856949597,1.518049524996149
2020-01-31,14:13:46,15.0,0.00933,302.7065898004579,4.715232179239409
2020-01-31,14:29:18,138.0,0.08317,2758.0313885532023,1.4370968427305202
2020-01-31,14:30:45,190.0,0.10432,3801.406338925301,1.958298565756191
2020-01-31,14:45:33,66.0,0.04217,1325.0999873910334,1.1808595936276118
2020-01-31,15:00:41,118.0,0.06615,2360.919530805704,4.902953402517646
2020-01-31,15:00:42,160.0,0.08051,3205.572055343725,3.82239584431683
2020-01-31,15:06:38,52.0,0.03324,1035.7803117212052,2.188747995810561
2020-01-31,15:21:38,19.0,0.00724,378.62501114013196,3.349589260337581
2020-01-31,16:55:48,42.0,0.0242,841.2583904144936,3.4600908337237626
2020-01-31,17:55:24,2.0,0.00076,41.105265136948134,2.100689420617214
2020-01-31,18:12:10,34.0,0.01691,680.9480833853169,2.444182072178183
2020-01-31,18:13:24,10.0,0.0039,195.441826467801,4.605221889425255
2020-01-31,18:21:42,213.0,0.12932,4256.520731807361,3.3244190819465076
2020-01-31,18:22:25,203.0,0.10091,4061.7797133366876,3.10926115495724
2020-01-31,18:26:57,1.0,0.0,15.562139171948633,3.0963402492298115
2020-01-31,19:41:20,9.0,0.00321,184.29998305063287,3.2824608956579056
2020-01-31,19:52:55,18.0,0.00724,365.50952172829534,4.190836310411811
2020-01-31,20:12:00,703.0,0.31197,14062.478437154774,3.3007466339679095
2020-01-31,20:21:59,469.0,0.20399,9390.914863933718,2.8310861529000215
2020-01-31,20:26:09,1.0,0.0,25.929066055130555,4.725695335272355
2020-02-01,01:22:59,49.0,0.03055,973.2783401496094,4.989601375628016
2020-02-01,03:40:05,155.0,0.09276,3105.343345033994,0.9175960081401173
2020-02-01,03:55:12,106.0,0.06631,2118.1897534085274,2.354810943074405
2020-02-01,04:05:49,259.0,0.16397,5176.909924507994,2.947437303273311
2020-02-01,04:18:36,118.0,0.06964,2356.3010895930797,0.6311984007199348
2020-02-01,04:36:00,196.0,0.11608,3928.536062483831,1.5182021110362607
2020-02-01,04:49:20,318.0,0.20133,6358.665676598111,1.4709770466373957
2020-02-01,05:00:01,23.0,0.01443,462.5614329866005,4.535073593123833
2020-02-01,05:01:11,263.0,0.16282,5260.151334489444,0.7691220756546197
2020-02-01,05:16:01,147.0,0.09144,2937.429747953976,4.359227053220877
2020-02-01,05:24:46,2.0,0.0,41.602780113049086,0.7004604734091358
2020-02-01,08:22:44,24.0,0.01548,475.04268118297466,1.113604300806497
2020-02-01,08:49:40,22.0,0.01278,442.4521913817639,1.0091747132488584
2020-02-01,10:59:40,289.0,0.17607,5773.473926054622,1.8410254680337121
2020-02-01,12:00:24,704.0,0.32204,14085.525097546903,1.343509168065671
2020-02-01,12:04:02,1.0,0.0,20.025456104039794,1.4927075735080289
2020-02-01,12:11:22,633.0,0.3552,12659.099035306286,3.042462362152266
2020-02-01,12:19:10,1.0,0.0,20.326595132063233,4.670959974067469
2020-02-01,12:21:24,22.0,0.06005,437.2862996285992,3.733078533819341
2020-02-01,12:24:05,78.0,0.0,1563.6147228795442,3.875143378937119
2020-02-01,17:28:52,8.0,0.00312,164.87112721742676,3.1500680220356774
2020-02-02,06:55:34,29.0,0.01804,580.1464866751244,3.644232416865581
2020-02-02,07:21:49,22.0,0.01328,440.3229440932978,1.3642328846810028
2020-02-02,07:22:57,110.0,0.06724,2193.3979993407324,1.2834663370268689
2020-02-02,10:18:01,11.0,0.00668,225.23067523768947,3.17124880912281
2020-02-02,11:40:32,32.0,0.01879,643.391135727755,0.9031658627580563
2020-02-02,12:17:46,11.0,0.00671,219.15612312688918,1.6104582410653212
2020-02-02,14:21:12,33.0,0.02118,660.1837113294798,4.557070716368813
2020-02-02,14:37:37,26.0,0.01577,525.3459276426976,0.5376206668937193
2020-02-02,16:22:56,93.0,0.04153,1858.539951327296,1.2293715496805708
2020-02-02,16:38:26,555.0,0.23696,11105.9031308738,3.5596418432287407
2020-02-02,16:49:24,509.0,0.21026,10188.653395063347,1.5739467704983967
2020-02-02,16:54:07,2.0,0.0,38.05038796671349,4.888989528088473
2020-02-02,17:48:22,25.0,0.01528,499.79371680725455,4.074666323025461
2020-02-02,18:53:07,221.0,0.12196,4416.768584039831,3.189341106281505
2020-02-02,19:03:21,76.0,0.04349,1518.550574900137,4.645093813195586
2020-02-02,19:15:39,377.0,0.23536,7538.891395978018,1.7508892834579102
2020-02-02,19:30:08,132.0,0.07044,2637.776423386545,1.9961431215463843
2020-02-02,19:48:54,189.0,0.10657,3772.3703128667053,3.4231129127045103
2020-02-02,20:04:08,339.0,0.2115,6777.214826804023,0.968162567987036
2020-02-02,20:15:50,231.0,0.10814,4613.736349463548,3.072796704853646
2020-02-02,20:28:54,117.0,0.06895,2339.8816650565714,2.4992088182461654
2020-02-02,20:37:41,2.0,0.0,37.70353385693555,0.6572176795886527
2020-02-02,20:38:54,16.0,0.0061,320.8220264178395,0.5649091937394009
2020-02-02,22:55:36,197.0,0.1258,3938.6837112503354,1.4816349637712365
2020-02-02,22:59:56,1.0,0.0,21.91123886386066,4.343179911727437
2020-02-03,00:01:20,19.0,0.01241,381.9285701038985,2.168042256451524
2020-02-03,03:47:29,16.0,0.0168,319.6077372541471,1.663929279565699
2020-02-03,03:54:51,11.0,0.0,214.63795969380627,2.658663841746895
2020-02-03,06:59:59,41.0,0.02462,813.7681766787639,2.5812140972398887
2020-02-03,07:24:37,28.0,0.01779,567.7519667506057,1.9536030407626326
2020-02-03,15:10:22,9.0,0.0054,181.3690091782833,4.50798319373193
2020-02-04,03:08:37,41.0,0.02557,821.9413873205813,1.685920249458209
2020-02-04,03:37:00,30.0,0.01887,595.7066736157557,1.973418672931397
2020-02-04,07:34:51,19.0,0.01222,371.67851953496563,2.6549200055878512
2020-02-04,07:35:12,2.0,0.0,28.913644195983203,2.6268059712803953
2020-02-04,07:54:03,24.0,0.01462,472.24620559462056,3.9765129359695255
2020-02-04,10:14:12,29.0,0.01734,576.8067404812092,4.739781464915485
2020-02-04,10:38:43,18.0,0.0108,355.60926610005936,1.7327630534022591
2020-02-04,13:37:00,116.0,0.07342,2322.998744176541,1.1425643054845513
2020-02-04,13:59:52,24.0,0.01414,483.3740747297152,3.3070053643691697
2020-02-04,15:42:28,30.0,0.01764,589.604113652371,3.734558938683402
2020-02-05,05:58:22,31.0,0.01973,623.9752484244478,0.7055522316457703
2020-02-05,08:20:16,8.0,0.00478,177.16115578453474,3.1923273248733945
2020-02-05,17:18:49,24.0,0.0145,479.46376009335376,1.6668002250330591
2020-02-05,18:06:50,20.0,0.01232,404.19222417267326,4.705681297945523
2020-02-05,18:22:18,180.0,0.10934,3603.3505911066154,3.15920933876346
2020-02-05,18:32:17,421.0,0.25938,8420.78798788112,3.170739953846561
2020-02-05,18:49:45,126.0,0.05675,2516.7633136522777,4.991715293660509
2020-02-05,22:36:57,74.0,0.03703,1482.390635645746,1.492115083770116
2020-02-06,04:27:27,28.0,0.01782,555.0638579717682,2.00090474257894
2020-02-06,04:51:06,47.0,0.0295,939.0271406146586,2.513508461954246
2020-02-06,08:44:35,48.0,0.02938,954.2325887195419,3.8906431459246584
2020-02-06,09:50:14,109.0,0.06777,2176.0542683287517,1.8166897631901187
2020-02-07,07:17:59,26.0,0.0166,522.7464970689708,1.7809511840993206
2020-02-07,07:38:32,8.0,0.00479,148.22653925333913,0.5367455351064376
2020-02-07,13:41:24,29.0,0.01954,581.294362340088,3.1545692034237156
2020-02-07,14:05:25,12.0,0.00756,248.6976308140838,2.5956063133394944
2020-02-07,15:26:52,58.0,0.03411,1158.5128832149633,1.7579178001807547
2020-02-08,07:04:14,4.0,0.0024,70.65133124101601,1.964459599950565
2020-02-08,07:30:59,17.0,0.01058,335.36963869759296,4.707527011903247
2020-02-08,10:48:14,13.0,0.00793,261.43584926473903,2.5515781053114104
2020-02-08,11:02:16,9.0,0.00557,168.21512260387902,2.9271809302482374
2020-02-08,11:54:06,12.0,0.01092,240.4024760794115,1.444947807085061
2020-02-08,12:04:20,12.0,0.00676,245.55904737112493,0.6548255968016562
2020-02-08,15:54:42,30.0,0.01622,595.1279493383515,2.768402277920876
2020-02-08,16:17:35,20.0,0.01247,393.18046755610595,1.0877013777095312
2020-02-08,21:24:02,30.0,0.01893,600.3771023418851,3.0773861112729732
2020-02-09,01:03:10,19.0,0.01216,372.771759809759,0.9155119323856094
2020-02-09,01:27:56,11.0,0.00582,219.21813722658442,1.6919914314093782
2020-02-09,07:36:52,17.0,0.01081,339.8192778401074,3.17618697121071
2020-02-09,08:03:03,25.0,0.01415,501.3992710340859,4.53627194523313
2020-02-09,12:17:26,54.0,0.03327,1079.9032739712995,0.7153483483843747
2020-02-09,18:47:41,8.0,0.00488,152.16271135061643,2.9167838957941896
2020-02-10,06:54:57,37.0,0.02419,748.2004680119774,1.4724041399117105
2020-02-10,07:37:51,25.0,0.01578,506.4454563089118,3.6731234516215894
2020-02-10,12:01:28,24.0,0.01447,482.0657684076329,2.6421902357086893
2020-02-10,12:27:40,23.0,0.01403,455.27004492789615,2.6121111745004053
2020-02-10,13:37:39,63.0,0.03901,1257.2958076801053,1.655586223462393
2020-02-10,16:11:49,47.0,0.0283,951.2958079443393,2.651632847981457
2020-02-10,19:12:58,33.0,0.02119,662.7158639598852,2.7985353138239146
2020-02-11,01:57:33,36.0,0.02299,726.3839708132135,1.8701212165458472
2020-02-11,06:54:11,18.0,0.01138,356.68889494187283,0.9941750615004717
2020-02-11,07:17:39,23.0,0.01346,464.327205993474,1.9543750093360954
2020-02-11,16:00:40,18.0,0.0107,360.6312749282878,3.6836941879821383
2020-02-11,19:10:47,12.0,0.00765,240.05512505626407,4.633012625568506
2020-02-11,19:28:32,16.0,0.00997,322.56285929074215,1.178943064846739
2020-02-12,03:41:17,33.0,0.02071,650.8538734354736,4.267924516691865
2020-02-12,04:28:31,21.0,0.0121,421.8977441657271,4.945553472127815
2020-02-12,07:49:20,32.0,0.01973,641.3172059833096,4.561932586758873
2020-02-12,08:03:38,27.0,0.01425,536.6765947595347,4.039520507234243
2020-02-12,14:17:21,35.0,0.0191,691.5438270030102,0.5558196268359743
2020-02-12,14:29:26,13.0,0.00737,260.02602248552404,1.7473445926600815
2020-02-12,16:42:20,8.0,0.00488,159.21133858850027,4.3000121861521725
2020-02-13,03:49:51,36.0,0.02317,720.3637668177249,4.847002096316103
2020-02-13,04:13:28,31.0,0.01952,622.5581942911995,2.3405436847174244
2020-02-13,07:42:33,107.0,0.06464,2137.4899745437187,4.405999590227348
2020-02-13,07:43:45,1.0,0.0,21.408298009852416,4.637371887320911
2020-02-13,10:32:08,18.0,0.01158,370.15807293081735,4.256151159334069
2020-02-13,10:48:42,16.0,0.00992,317.1703605954315,4.65783860883188
2020-02-13,20:16:54,20.0,0.0126,394.8952132508605,2.751867089271211
2020-02-13,20:36:25,34.0,0.02032,675.9083097568121,2.4902784304238184
2020-02-14,05:58:58,50.0,0.03125,1002.941759132428,4.8996800729290975
2020-02-14,06:46:38,22.0,0.01388,443.75855422492094,1.7934262555725993
2020-02-14,09:07:04,13.0,0.00507,270.3822900578647,0.897445581913108
2020-02-14,13:40:27,8.0,0.00456,158.28599251724336,2.685764443548427
2020-02-15,07:02:48,14.0,0.00876,283.0887081436591,1.194950620073306
2020-02-15,07:39:16,23.0,0.01493,468.86571091748766,4.672766426061179
2020-02-15,10:54:51,24.0,0.01468,482.429803064849,0.9662135024330992
2020-02-15,11:44:15,22.0,0.01397,434.7118279140916,0.875081181249967
2020-02-15,15:37:19,16.0,0.0109,320.5093395908282,0.8184741333751526
2020-02-16,04:40:46,19.0,0.01138,382.297271257367,2.0942440070802317
2020-02-16,05:13:18,26.0,0.01556,524.4312135870061,0.6580173402428076
2020-02-16,07:59:09,18.0,0.01048,363.3376189627006,2.398458985289668
2020-02-16,08:11:19,13.0,0.00806,250.77504181519754,4.233182088340332
2020-02-16,11:26:08,34.0,0.0207,683.1559437083744,1.0087507893398866
2020-02-16,15:41:52,26.0,0.01725,521.8733716807232,3.8766675593795785
2020-02-16,15:56:59,17.0,0.00976,332.85476657583365,1.2763956089165145
2020-02-17,02:52:37,22.0,0.01377,446.2760402848413,4.6814681802789595
2020-02-17,03:32:05,11.0,0.00499,223.63396766081615,1.480680604945268
2020-02-17,07:44:42,38.0,0.02042,761.4642570594892,1.7879876142997493
2020-02-17,07:55:01,20.0,0.01232,403.76714165397715,1.8031091232301182
2020-02-18,02:43:42,21.0,0.01332,418.1741363847165,3.1111451364778424
2020-02-18,03:00:46,5.0,0.00307,91.63797807009247,3.5058689589257366
2020-02-18,06:13:54,18.0,0.01274,346.5574516937303,3.081715620447288
2020-02-18,06:14:00,2.0,0.0,40.44400134977927,1.9738592197000362
2020-02-18,06:53:23,23.0,0.0146,463.0168813601569,2.0521954841309604
2020-02-18,09:26:27,31.0,0.01876,622.6021859452316,2.9974405874472794
2020-02-18,18:17:51,16.0,0.00976,322.54202728170617,2.453481886233539
2020-02-18,18:49:51,26.0,0.0165,528.3443782588728,1.2351348202566632
2020-02-18,19:21:32,4.0,0.0014,76.87158124604333,3.273738095226012
2020-02-19,06:02:52,42.0,0.02637,830.4916916721563,2.0457871374577676
2020-02-19,06:45:05,28.0,0.0174,553.1731894603449,3.478871542635763
2020-02-19,11:04:23,22.0,0.01423,438.0017258700562,3.5601591007850173
2020-02-19,17:12:44,20.0,0.01217,399.6859337151276,1.6155617705208445
2020-02-20,05:07:39,41.0,0.02525,813.3906325102859,4.324115903738544
2020-02-20,08:49:16,12.0,0.00752,241.41361666168223,3.935365752561782
2020-02-20,09:01:26,19.0,0.01176,387.84393714432997,2.989105962623932
2020-02-20,16:39:46,42.0,0.02568,848.2973458128926,3.2492487905814222
2020-02-20,17:00:01,18.0,0.01032,356.2145082621077,1.6797299498834004
2020-02-21,06:37:37,35.0,0.01933,705.2747091075623,1.576034032490488
2020-02-21,07:34:18,26.0,0.0173,519.4189580142115,4.428055792202479
2020-02-21,17:01:52,18.0,0.01064,363.3808945768071,2.0040719276448136
2020-02-21,17:19:06,23.0,0.0145,450.6356023402397,3.538119041250269
2020-02-22,05:46:31,29.0,0.01807,593.100769200156,4.263762667937302
2020-02-22,06:38:55,11.0,0.00671,232.60672930379303,4.570180689523993
2020-02-22,17:09:13,28.0,0.01741,566.3822746887485,4.004485967307291
2020-02-23,04:42:32,30.0,0.01892,609.6994705244834,2.389058848801633
2020-02-23,08:14:20,41.0,0.02574,821.5164581477721,2.94184219183908
2020-02-23,08:26:42,14.0,0.00772,272.9415446065443,3.204884593059456
2020-02-23,09:23:23,29.0,0.01635,583.2916322161126,1.4682000782039557
2020-02-23,09:36:25,24.0,0.01412,481.11074855052055,4.788474340165173
2020-02-23,11:42:14,11.0,0.00682,216.3689725939937,1.9231677079903573
2020-02-23,17:28:14,60.0,0.03735,1193.3106698304596,1.7501350392332726
2020-02-24,03:30:06,31.0,0.01939,632.885562624304,2.6957655657986486
2020-02-24,04:15:25,22.0,0.01387,442.4331690291209,4.052488866759096
2020-02-24,06:40:05,65.0,0.04038,1299.6507230593188,2.817170205788341
2020-02-24,10:09:17,31.0,0.01932,622.7172256405205,4.52308090568304
2020-02-25,03:47:51,28.0,0.01751,564.6455840282073,1.0340474331951033
2020-02-25,04:14:31,23.0,0.01421,447.481395096578,2.2950718835131743
2020-02-25,08:07:13,32.0,0.01264,636.755407728133,1.9553378095410041
2020-02-25,08:24:53,22.0,0.01374,434.35822234985005,2.9097242015678932
2020-02-25,14:12:32,31.0,0.01955,611.4690801047765,0.8698213538483066
2020-02-25,14:56:01,17.0,0.01065,340.34005837158475,3.22932150763726
2020-02-25,16:06:54,29.0,0.01861,580.2076051796917,3.3002914178541425
2020-02-25,16:35:43,21.0,0.01249,419.4043994388535,0.5774868849590364
2020-02-25,21:13:37,44.0,0.02654,882.5718926658433,2.537499423578048
2020-02-26,06:03:12,36.0,0.02157,719.647287873683,2.5618577993048492
2020-02-26,06:27:08,27.0,0.01659,539.2885043937483,2.8950988034644523
2020-02-26,16:47:21,27.0,0.01695,530.0446678852186,3.024750756146732
2020-02-27,03:04:51,10.0,0.00632,206.474741455515,1.9094609847200181
2020-02-27,03:41:43,11.0,0.00678,219.20966986434092,1.2671020505019381
2020-02-27,06:47:35,39.0,0.02515,793.0562014609144,3.755858914778393
2020-02-27,07:05:35,17.0,0.01085,344.05892081484296,2.2228303271913568
2020-02-28,07:06:30,12.0,0.00522,247.40295098213977,2.3724616639172913
2020-02-28,11:32:42,16.0,0.00964,322.03772397462205,1.053297143506312
2020-02-28,15:21:22,26.0,0.01592,516.9359332057071,4.588679981936958
2020-02-28,15:49:22,15.0,0.00956,296.65719679706393,4.733917349354238
2020-02-28,15:59:27,150.0,0.08148,3002.124436964882,3.6358817155437912
2020-02-28,16:01:09,18.0,0.00984,357.7901359052919,1.9880368145564469
2020-02-28,16:02:00,94.0,0.05876,1876.2326497233164,3.5542422181341573
2020-02-28,16:12:13,154.0,0.09641,3075.428952354113,2.239191403984283
2020-02-28,16:12:27,155.0,0.09065,3103.5467132416097,3.962009435306986
2020-02-28,16:13:10,2.0,0.0,37.28844014165492,3.232388179728753
2020-02-28,16:13:12,2.0,0.0,41.14212750127858,2.149046645578863
2020-02-28,16:23:02,229.0,0.191692,4580.797919553613,1.4109732703300275
2020-02-28,16:23:10,157.0,0.08526,3141.0387036518746,1.669641375023174
2020-02-28,16:25:23,1.0,0.0,23.852351121889168,4.896266375949798
2020-02-28,16:25:32,1.0,0.0,17.68476299850512,2.623075877988276
2020-02-28,16:48:13,78.0,0.04895,1565.788018352528,4.668411017028801
2020-02-28,16:48:23,69.0,0.0329,1367.950943515973,4.675967128230068
2020-02-28,17:15:48,79.0,0.04817,1584.4136908060732,2.0462623937444633
2020-02-28,17:15:50,72.0,0.03599,1438.0481225352523,4.354246220995137
2020-02-28,17:41:38,73.0,0.04633,1461.195627363743,3.3174554747209433
2020-02-28,17:41:41,122.0,0.07469,2442.6614802088325,0.6208090373094393
2020-02-28,17:45:57,176.0,0.11205,3515.971675659359,1.8102534117021722
2020-02-28,17:53:25,18.0,0.01207,350.45305042355983,1.653329374557321
2020-02-28,17:53:30,299.0,0.17222,5986.342060523276,0.657930308296861
2020-02-28,17:56:05,96.0,0.05966,1912.9783218014031,1.6993081292433927
2020-02-28,17:57:53,125.0,0.0749,2505.5426122669924,3.40908995229745
2020-02-28,18:05:14,25.0,0.01161,498.91670528351943,3.424560655461771
2020-02-28,18:19:35,122.0,0.06783,2444.8462782462366,1.7622314997064772
2020-02-28,18:19:49,155.0,0.1007,3099.358711285816,4.603225761599382
2020-02-28,18:21:44,3.0,0.0,58.4734609924255,1.2159016672600749
2020-02-28,18:22:20,3.0,0.0,57.92247673415356,0.8239835846754626
2020-02-28,18:48:16,24.0,0.01407,479.44367498550326,2.0293019933899274
2020-02-28,18:48:48,23.0,0.01402,466.6404265552891,2.8074592960674254
2020-02-29,00:00:00,0.0,0.0,0.3834018193703304,4.791618999888167
2020-02-29,07:56:58,21.0,0.01305,426.73637951345125,1.283341064614558
2020-02-29,08:43:33,31.0,0.01956,616.739652982857,1.5418500262153998
2020-02-29,13:51:46,16.0,0.01071,323.3266815669625,4.386043167934075
2020-02-29,15:23:47,18.0,0.01041,359.8046947875219,4.822601528054976
2020-02-29,15:51:48,22.0,0.01386,426.3999283942499,1.2102235529962488
2020-02-29,23:03:16,67.0,0.03667,1339.8100551336363,2.2253235988147955
2020-02-29,23:37:01,13.0,0.00789,262.4725146392561,2.5508258866289824
2020-03-01,00:00:00,0.0,0.0,0.18881373018226813,0.7291001663636154
2020-03-01,02:55:59,31.0,0.01966,617.2230277233953,2.1596804262786122
2020-03-01,03:34:22,14.0,0.00878,277.75548773528345,1.339943211975969
2020-03-01,08:34:44,19.0,0.01091,373.04549620517423,1.41441383859651
2020-03-01,08:49:40,20.0,0.01234,402.09381512738514,4.133185742931043
2020-03-01,10:16:20,12.0,0.00769,245.15240170518388,4.713153520366895
2020-03-01,11:34:56,11.0,0.00429,217.92050844753123,1.7130743639946526
2020-03-01,13:32:00,3.0,0.00183,61.20628075098259,1.918981257196139
2020-03-01,17:11:07,20.0,0.01138,393.89359673016975,3.1838711970697453
2020-03-01,17:35:37,19.0,0.01197,372.9460088552159,1.2452251267783623
2020-03-01,18:37:37,14.0,0.00876,275.60336114995886,1.465719261535166
2020-03-01,19:04:56,25.0,0.01481,494.10412107293183,1.7803645516770907
2020-03-01,19:16:02,12.0,0.00708,243.6231072981952,3.0654146291450313
2020-03-01,19:32:20,16.0,0.01005,324.3624934410536,2.5370824951038586
2020-03-02,00:00:00,0.0,0.0,2.350733766385523,2.0060752645735795
2020-03-02,04:32:58,17.0,0.01067,343.409354734492,3.2742652261131067
2020-03-02,05:38:38,21.0,0.01348,418.26376633311565,0.7812124171385161
2020-03-02,10:17:06,19.0,0.01186,385.5478623584273,2.291188778195583
2020-03-02,10:40:34,16.0,0.0102,330.13441477358936,2.499672865906619
2020-03-02,12:31:24,299.0,0.18586,5989.665241687781,1.6432825613163893
2020-03-02,12:40:04,7.0,0.0,137.0777124326645,2.2138974783556975
2020-03-02,18:21:52,47.0,0.02863,942.2947166817131,4.2607076985083445
2020-03-02,18:39:54,16.0,0.0102,315.94635574457607,2.039831051940214
2020-03-03,00:00:00,0.0,0.0,0.011962949829912025,1.6356235561907455
2020-03-03,06:20:56,25.0,0.01583,497.2023692280042,2.14681662851091
2020-03-03,06:53:11,27.0,0.01631,540.2392184542641,0.9888381142352277
2020-03-03,09:09:53,33.0,0.01618,654.3663836806728,4.149536848105869
2020-03-03,09:33:39,25.0,0.01552,499.1761857485078,4.302344958174183
2020-03-04,04:32:45,37.0,0.02359,744.6612932008231,1.605125606038694
2020-03-04,05:18:56,32.0,0.01911,643.2693825353114,1.8738874699333827
2020-03-04,09:32:16,31.0,0.02011,626.3400266722165,1.0269341192291335
2020-03-04,09:53:27,21.0,0.01266,421.97628357972707,3.173175617800269
2020-03-04,12:25:36,76.0,0.04786,1523.994243756046,2.271246658419944
2020-03-04,12:45:50,22.0,0.01344,441.0375629674529,4.872216962670986
2020-03-04,15:07:21,2.0,0.0012,38.69930298851148,2.4260618137758367
2020-03-05,06:03:49,10.0,0.0062,202.0540370429352,2.0183525449221937
2020-03-05,06:30:30,16.0,0.00992,327.9644673742224,1.5940661344029163
2020-03-05,14:22:13,51.0,0.03173,1022.6709544199574,3.6646825142035717
2020-03-06,06:45:04,32.0,0.01979,644.5489381716212,2.0187161503244644
2020-03-06,07:24:16,8.0,0.00496,151.16085758226092,2.273629713686924
2020-03-06,12:06:23,171.0,0.10124,3421.2574827096005,2.5556851722881233
2020-03-06,14:24:37,34.0,0.02114,673.6758635065003,2.431707867429753
2020-03-07,03:29:16,38.0,0.02348,767.36687286736,4.264297438325469
2020-03-07,03:45:27,32.0,0.01731,648.7341233837017,3.166532584911473
2020-03-07,08:45:35,99.0,0.06194,1981.4749127548262,1.1771783348210287
2020-03-07,08:57:06,22.0,0.013,437.1485965038362,4.0405244399354086
2020-03-08,05:40:16,29.0,0.01721,577.598516208513,4.574817097182235
2020-03-08,06:07:05,17.0,0.01095,338.4212710917198,3.7267683525475945
2020-03-08,08:44:51,40.0,0.0254,800.4953049683754,4.1038067920093635
2020-03-08,08:55:34,15.0,0.0081,306.11996561878414,1.213356281737167
2020-03-08,17:38:40,41.0,0.02519,831.8406965504695,2.5335497790423807
2020-03-08,18:03:50,20.0,0.01132,406.107607191685,2.489816349980151
2020-03-09,04:03:17,8.0,0.00488,165.28600345972177,0.667167119223103
2020-03-09,11:21:19,33.0,0.01924,661.0295529596971,1.2333123291846555
2020-03-09,11:46:00,25.0,0.01414,499.09213033749535,0.5708859654739211
2020-03-10,02:04:09,47.0,0.02965,947.7762480570727,4.151891545837502
2020-03-10,07:24:23,34.0,0.02089,684.6410460561659,3.123399577717655
2020-03-10,07:55:06,39.0,0.02192,777.9345671738824,3.8045614248975776
2020-03-10,15:01:22,2.0,0.0012,35.79846302301811,1.024863817165468
2020-03-10,18:30:35,39.0,0.02274,780.1965855298719,0.6915384413918153
2020-03-11,06:23:48,30.0,0.01904,607.5786355097239,2.4241569570611956
2020-03-11,06:52:06,25.0,0.01414,498.5054504257166,2.9341149345251827
2020-03-11,10:55:43,18.0,0.00522,354.4942156108938,3.314321614153908
2020-03-12,05:20:13,25.0,0.01598,503.2183234128759,4.420062360012276
2020-03-12,05:55:41,23.0,0.01463,457.4953790518774,3.6344036285414534
2020-03-12,07:55:04,36.0,0.0229,714.4997546078972,3.186921434796027
2020-03-12,15:23:04,16.0,0.01067,326.1525999468965,1.7651441394744716
2020-03-12,15:54:23,26.0,0.0153,517.2999551763887,1.8717813309674973
2020-03-13,03:38:39,27.0,0.01735,545.7121132192675,4.001381907650894
2020-03-13,04:27:25,21.0,0.01302,422.5831345463199,3.4076554198386244
2020-03-13,09:46:39,48.0,0.02674,958.0751428334402,0.632681655549409
2020-03-13,10:11:09,26.0,0.01486,511.8640945966376,2.465352295716836
2020-03-13,15:26:43,31.0,0.01854,624.5961575658511,4.705480164788524
2020-03-13,15:55:37,47.0,0.02755,953.6263274904483,1.5619772381268522
2020-03-14,06:05:33,28.0,0.01752,549.9717306697281,3.2753740784726935
2020-03-14,07:02:04,19.0,0.01205,388.24072275400283,2.234664504793556
2020-03-14,14:30:00,41.0,0.02498,819.6209818083495,2.6935828079923856
2020-03-14,15:04:06,24.0,0.01458,489.01261754281074,3.1109213187203038
2020-03-15,05:56:34,19.0,0.0116,376.51928602900404,3.6922694680252057
2020-03-15,14:03:07,23.0,0.01597,463.222311536415,1.8129098757669273
2020-03-15,14:27:27,22.0,0.01398,439.5781197891891,1.5416564494989533
2020-03-16,03:57:04,23.0,0.01446,459.73076361164533,1.722449220601996
2020-03-16,04:27:05,28.0,0.01719,563.6592372192133,4.97226602609961
2020-03-16,08:11:58,16.0,0.00935,320.0088775478873,3.0390418160606405
2020-03-16,10:03:48,32.0,0.02087,643.3897995260354,4.0110531240766285
2020-03-16,10:22:04,27.0,0.01651,539.2583583093722,1.1066278481136402
2020-03-16,11:28:36,25.0,0.01561,489.830448135136,0.6589252524344663
2020-03-16,11:40:41,24.0,0.01539,484.5019341967672,0.8944699320522005
2020-03-16,14:35:20,17.0,0.01011,337.62096249948974,2.264950165379401
2020-03-16,14:49:43,26.0,0.01706,524.0628504578704,1.498169335472485
2020-03-16,17:57:13,10.0,0.0059,199.3706278572828,0.6375571644839949
2020-03-17,05:47:20,1.0,0.00061,21.60601630502501,3.021634631964683
2020-03-17,06:21:19,23.0,0.01423,458.25326466352686,1.9993408251987685
2020-03-17,07:40:48,10.0,0.0063,203.82447670414084,2.5771845874977353
2020-03-17,09:48:17,128.0,0.0788,2562.667581677229,4.085071648009965
2020-03-18,04:18:27,30.0,0.01873,597.9969292695738,1.6013360503169412
2020-03-18,04:39:29,24.0,0.01409,476.9020671883509,4.888764717110371
2020-03-18,10:45:35,16.0,0.0064,321.35572816082566,4.905250412779544
2020-03-19,06:02:37,19.0,0.01179,376.37970475400095,1.125640790095393
2020-03-19,06:37:18,17.0,0.01072,346.1079811011836,0.8833239179006207
2020-03-19,10:25:42,26.0,0.01646,515.641284844556,1.4382771794165685
2020-03-19,10:38:08,8.0,0.00486,160.0754813772336,1.2497218711020617
2020-03-20,05:24:15,22.0,0.01393,443.03009592544475,3.2876310963317197
2020-03-20,05:56:16,19.0,0.01212,380.6447189148546,2.390625721986507
2020-03-20,13:55:00,53.0,0.03146,1052.4608407040726,1.2964124910468804
2020-03-20,14:18:11,21.0,0.0131,416.9054512469675,0.5603545158549292
2020-03-20,16:48:46,28.0,0.01744,561.8564674377666,2.788535971381517
2020-03-20,17:07:05,1.0,0.00062,14.951849509924672,1.781178646707944
2020-03-21,04:17:18,27.0,0.01718,546.2488212408833,4.744477608991619
2020-03-21,05:03:36,18.0,0.01134,362.2685202838964,4.38394579142709
2020-03-21,07:45:56,37.0,0.01954,727.978747205184,3.7538993058746817
2020-03-22,04:53:29,56.0,0.03492,1121.9524122312268,3.758888059703194
2020-03-22,05:39:05,28.0,0.01742,568.5212647685331,3.525147587449
2020-03-22,19:49:55,4.0,0.0024,82.72293891839813,2.868704362687732
2020-03-23,05:46:59,3.0,0.00105,63.084840728195026,1.2936922219542155
2020-03-23,06:16:18,17.0,0.00966,336.5774345509135,4.7136237252361415
2020-03-23,07:00:14,26.0,0.01486,523.3927945738978,1.2654211023628494
2020-03-23,09:08:47,10.0,0.0062,200.41499123942444,1.7042047828478286
2020-03-24,06:20:03,46.0,0.0274,920.7841317397964,2.627343287342571
2020-03-24,06:51:49,18.0,0.01092,356.7150184455666,4.619554447688665
2020-03-24,08:17:18,11.0,0.00671,222.14004277580239,0.5838260583280328
2020-03-24,18:20:08,10.0,0.00548,202.16415144851067,2.8556860893267886
2020-03-25,05:36:43,42.0,0.02682,832.7916367375918,4.170802169786455
2020-03-25,06:30:30,24.0,0.01508,482.28280750230886,0.7843561578305742
2020-03-25,07:36:20,30.0,0.01808,604.5543633229267,1.7294706124935484
2020-03-25,07:55:15,18.0,0.01152,365.5002113168025,4.9115049891271845
2020-03-26,03:37:08,32.0,0.02012,647.9509203866435,4.4315119819073985
2020-03-26,12:40:07,15.0,0.0081,303.90278014479344,3.8708767539892825
2020-03-27,06:38:11,21.0,0.01347,416.15250215175337,1.3287278644143308
2020-03-27,07:10:15,43.0,0.02581,865.9972187965478,4.932963231422111
2020-03-27,11:49:12,169.0,0.10088,3374.725045643178,4.615403041671336
2020-03-27,14:53:03,47.0,0.02857,941.50501336938,4.779173870609635
2020-03-27,15:06:10,345.0,0.21008,6896.2257297158285,2.7100149184590796
2020-03-27,15:16:14,217.0,0.13039,4345.758942676386,4.019557715712601
2020-03-27,15:26:27,98.0,0.0574,1962.5946323144217,1.0662235633616062
2020-03-27,15:46:45,21.0,0.01267,424.0825073230963,1.2440142601956548
2020-03-27,17:09:17,18.0,0.0109,362.7957902219907,2.839371290181197
2020-03-27,18:00:20,22.0,0.0134,436.8005342041994,4.044370989126892
2020-03-27,18:09:30,11.0,0.00601,224.9212540443851,4.250041651237485
2020-03-27,18:20:06,459.0,0.27841,9180.654603236728,4.519271134196826
2020-03-27,18:30:18,402.0,0.24254,8035.008706092099,2.891936516495668
2020-03-27,20:48:23,7.0,0.00433,139.1308382239461,4.892137970448128
2020-03-28,03:33:40,12.0,0.00724,246.30148399025268,1.1502479323822534
2020-03-28,04:06:01,26.0,0.01582,518.0912207445123,1.4437332443730062
2020-03-28,07:21:28,10.0,0.00642,202.87246035018632,0.5437280773930346
2020-03-28,07:46:34,15.0,0.00638,303.90032205740886,3.7674289510762122
2020-03-28,08:30:21,25.0,0.02624,497.682474156157,3.0641081966643493
2020-03-28,08:33:57,17.0,0.0,340.3936582172991,4.786097095121528
2020-03-28,14:13:28,62.0,0.039,1239.3148125140706,0.6460054947273534
2020-03-28,14:23:27,13.0,0.00707,261.49030315785717,2.8303772032355536
2020-03-28,14:40:40,18.0,0.00648,349.4707736988735,1.8671646762729774
2020-03-28,16:18:52,55.0,0.03408,1093.2618886950715,3.2322840094565355
2020-03-28,16:53:06,42.0,0.02565,840.7879315912114,1.5194728926647503
2020-03-29,02:42:20,34.0,0.02152,673.802408812779,1.59991559532662
2020-03-29,03:28:10,13.0,0.00812,260.1431676239811,3.2189924501013647
2020-03-29,06:07:56,34.0,0.02211,673.2026249396368,4.890873584534501
2020-03-29,06:45:15,28.0,0.01709,564.4537527009534,2.228043222084075
2020-03-29,08:24:02,8.0,0.00488,156.70890244079766,2.644489781578181
2020-03-30,10:13:05,51.0,0.03086,1024.8044618253998,2.403659785424088
2020-03-30,14:29:52,348.0,0.2094,6961.879322918378,3.3308646845465284
2020-03-30,14:39:51,371.0,0.22362,7429.756984938978,4.362963188164876
2020-03-30,14:49:53,36.0,0.0282,710.4971637605278,1.9659941734765465
2020-03-30,14:50:52,12.0,0.0,237.59190507975217,3.4123662049240613
2020-04-01,09:15:27,71.0,0.04442,1420.8526932437128,3.4494327463552246
2020-04-01,11:48:37,10.0,0.0062,201.5827664229969,2.285114858167095
